,Nuclide,half_life,Type,f_1_lt1y,dcf_3m,f1_egt1y,dcf_1y,dcf_5y,dcf_10y,dcf_15y,Adult
0,Mg-27,9.462 m,F,1,8.1E-11,0.5,4.7e-11,2.1e-11,1.4e-11,8.4e-12,7.2e-12
1,Mg-27,9.462 m,M,1,1.1E-10,0.5,6.4e-11,2.9e-11,1.9e-11,1.2e-11,1e-11
2,Al-28,2.2414 m,F,0.02,3.1E-11,0.01,1.9e-11,8.7e-12,5.6e-12,3.5e-12,3e-12
3,Al-28,2.2414 m,M,0.02,3.5E-11,0.01,2.1e-11,9.8e-12,6.3e-12,3.9e-12,3.4e-12
4,Al-29,6.56 m,F,0.02,7.2E-11,0.01,4.2e-11,1.9e-11,1.2e-11,7.6e-12,6.5e-12
5,Al-29,6.56 m,M,0.02,9.3E-11,0.01,5.4e-11,2.5e-11,1.6e-11,1e-11,8.6e-12
6,P-30,2.498 m,F,1,3.4E-11,0.8,2e-11,9e-12,5.9e-12,3.6e-12,3.2e-12
7,P-30,2.498 m,M,1,3.8E-11,0.8,2.3e-11,1e-11,6.7e-12,4.2e-12,3.7e-12
8,S-37_inorg,5.05m,F,1,6.1E-11,0.8,3.8e-11,1.8e-11,1.1e-11,7e-12,6e-12
9,S-37_inorg,5.05m,M,0.2,7.6E-11,0.1,4.7e-11,2.2e-11,1.4e-11,8.7e-12,7.4e-12
10,S-37_inorg,5.05m,S,0.02,7.7E-11,0.01,4.8e-11,2.2e-11,1.4e-11,8.9e-12,7.6e-12
11,S-38_inorg,170.3 m,F,1,1.3E-09,0.8,9.1e-10,4.4e-10,2.8e-10,1.7e-10,1.4e-10
12,S-38_inorg,170.3 m,M,0.2,2.9E-09,0.1,1.7e-09,8.3e-10,5.3e-10,3.3e-10,2.7e-10
13,S-38_inorg,170.3 m,S,0.02,3.1E-09,0.01,1.8e-09,8.7e-10,5.6e-10,3.5e-10,2.9e-10
14,Cl-34m,32.00 m,F,1,3.4E-10,1,1.9e-10,8.9e-11,5.5e-11,3.2e-11,2.7e-11
15,Cl-34m,32.00 m,M,1,5.0E-10,1,2.9e-10,1.3e-10,8.4e-11,5.3e-11,4.4e-11
16,Cl-40,1.35 m,F,1,2.4E-11,1,1.6e-11,7.4e-12,4.7e-12,2.9e-12,2.5e-12
17,Cl-40,1.35 m,M,1,2.6E-11,1,1.7e-11,8e-12,5.1e-12,3.1e-12,2.7e-12
18,K-38,7.636 m,F,1,1.1E-10,1,6.5e-11,3e-11,1.9e-11,1.2e-11,9.7e-12
19,Ca-49,8.718 m,F,0.6,1.3E-10,0.3,7.8e-11,3.5e-11,2.2e-11,1.3e-11,1.1e-11
20,Ca-49,8.718 m,M,0.2,1.9E-10,0.1,1.1e-10,5.2e-11,3.3e-11,2.1e-11,1.8e-11
21,Ca-49,8.718 m,S,0.02,2.0E-10,0.01,1.2e-10,5.4e-11,3.5e-11,2.2e-11,1.8e-11
22,Ti-51,5.76 m,F,0.02,5.4E-11,0.01,3.1e-11,1.3e-11,8.8e-12,5.5e-12,4.8e-12
23,Ti-51,5.76 m,M,0.02,7.0E-11,0.01,3.9e-11,1.7e-11,1.2e-11,7.3e-12,6.4e-12
24,Ti-51,5.76 m,S,0.02,7.2E-11,0.01,4e-11,1.8e-11,1.2e-11,7.5e-12,6.6e-12
25,V-50,1.5E+17 y,F,0.02,1.5E-07,0.01,1.5e-07,1.1e-07,9.7e-08,8.6e-08,8.4e-08
26,V-50,1.5E+17 y,M,0.02,6.2E-08,0.01,6e-08,4.7e-08,3.9e-08,3.7e-08,3.7e-08
27,V-52,3.743 m,F,0.02,4.6E-11,0.01,2.7e-11,1.3e-11,8.1e-12,5e-12,4.3e-12
28,V-52,3.743 m,M,0.02,5.5E-11,0.01,3.3e-11,1.5e-11,9.7e-12,6.1e-12,5.2e-12
29,V-53,1.61 m,F,0.02,2.0E-11,0.01,1.2e-11,5.6e-12,3.6e-12,2.3e-12,2e-12
30,V-53,1.61 m,M,0.02,2.2E-11,0.01,1.3e-11,6.1e-12,4e-12,2.5e-12,2.2e-12
31,Cr-55,3.497 m,F,0.2,3.6E-11,0.1,0.2,8.7e-12,5.8e-12,3.6e-12,3.2e-12
32,Cr-55,3.497 m,M,0.2,4.4E-11,0.1,2.4e-11,1.1e-11,7.1e-12,4.5e-12,4e-12
33,Cr-55,3.497 m,S,0.2,4.5E-11,0.1,2.5e-11,1.1e-11,7.2e-12,4.6e-12,4.1e-12
34,Cr-56,5.94m,F,0.2,7.9E-11,0.1,4.6e-11,2.1e-11,1.3e-11,7.9e-12,6.8e-12
35,Cr-56,5.94m,M,0.2,1.1E-10,0.1,6.5e-11,3e-11,1.9e-11,1.2e-11,1.1e-11
36,Cr-56,5.94m,S,0.2,1.2E-10,0.1,6.7e-11,3.1e-11,2e-11,1.3e-11,1.1e-11
37,Mn-57,1.42333m,F,0.2,1.6E-11,0.1,9.3e-12,4.1e-12,2.8e-12,1.7e-12,1.6e-12
38,Mn-57,1.42333m,M,0.2,1.8E-11,0.1,1e-11,4.5e-12,3e-12,1.9e-12,1.7e-12
39,Mn-58m,1.08666m,F,0.2,1.8E-11,0.1,1.1e-11,5.3e-12,3.4e-12,2.1e-12,1.8e-12
40,Mn-58m,1.08666m,M,0.2,1.9E-11,0.1,1.2e-11,5.6e-12,3.6e-12,2.2e-12,1.9e-12
41,Fe-53,8.51m,F,0.6,9.8E-11,0.1,5.6e-11,2.5e-11,1.6e-11,9.5e-12,8e-12
42,Fe-53,8.51m,M,0.2,1.2E-10,0.1,7.1e-11,3.2e-11,2.1e-11,1.3e-11,1.1e-11
43,Fe-53,8.51m,S,0.02,1.3E-10,0.01,7.3e-11,3.3e-11,2.1e-11,1.3e-11,1.1e-11
44,Co-62,1.50m,F,0.6,2.2E-11,0.1,1.3e-11,6.2e-12,4e-12,2.5e-12,2.2e-12
45,Co-62,1.50m,M,0.2,2.4E-11,0.1,1.5e-11,6.8e-12,4.4e-12,2.7e-12,2.4e-12
46,Co-62,1.50m,S,0.02,2.4E-11,0.01,1.5e-11,6.8e-12,4.4e-12,2.8e-12,2.4e-12
47,Cu-62,9.74m,F,1,1.1E-10,0.5,6.1e-11,2.7e-11,1.7e-11,1e-11,8.9e-12
48,Cu-62,9.74m,M,1,1.5E-10,0.5,8.3e-11,3.7e-11,2.4e-11,1.5e-11,1.3e-11
49,Cu-62,9.74m,S,1,1.5E-10,0.5,8.6e-11,3.8e-11,2.5e-11,1.5e-11,1.3e-11
50,Cu-66,5.088M,F,1,5.1E-11,0.5,2.8e-11,1.2e-11,7.9e-12,4.9e-12,4.4e-12
51,Cu-66,5.088M,M,1,6.5E-11,0.5,3.5e-11,1.5e-11,1e-11,6.5e-12,5.7e-12
52,Cu-66,5.088M,S,1,6.6E-11,0.5,3.6e-11,1.6e-11,1e-11,6.6e-12,5.9e-12
53,As-68,2.52666m,M,1,5.5E-11,0.5,3.5e-11,1.7e-11,1.1e-11,6.6e-12,5.6e-12
54,As-79,9.01m,M,1,1.4E-10,0.5,7.5e-11,3.3e-11,2.2e-11,1.5e-11,1.3e-11
55,Se-71,4.74m,F,1,6.7E-11,0.8,4e-11,1.8e-11,1.2e-11,7.1e-12,6e-12
56,Se-71,4.74m,M,0.2,8.3E-11,0.1,4.9e-11,2.3e-11,1.5e-11,9.1e-12,7.8e-12
57,Se-71,4.74m,S,0.02,8.5E-11,0.01,5e-11,2.3e-11,1.5e-11,9.3e-12,8e-12
58,Se-72,8.40d,F,1,3.0E-08,0.8,2e-08,1.1e-08,8.4e-09,2.6e-09,2e-09
59,Se-72,8.40d,M,0.2,2.6E-08,0.1,1.6e-08,8.8e-09,6e-09,3.9e-09,3.3e-09
60,Se-72,8.40d,S,0.02,2.5E-08,0.01,1.6e-08,8.7e-09,5.8e-09,4.3e-09,3.7e-09
61,Se-79m,3.92m,F,1,1.7E-11,0.8,1e-11,4.6e-12,3.1e-12,2.1e-12,1.8e-12
62,Se-79m,3.92m,M,0.2,2.1E-11,0.1,1.3e-11,5.7e-12,3.9e-12,2.7e-12,2.3e-12
63,Se-79m,3.92m,S,0.02,2.1E-11,0.01,1.3e-11,5.9e-12,4e-12,2.8e-12,2.4e-12
64,Bromine,Br-77m,4.28m,F,1,2.3E-11,1.0,1.4e-11,6.2e-12,4.2e-12,2.8e-12
65,Bromine,Br-77m,4.28m,M,1,2.9E-11,1.0,1.7e-11,7.9e-12,5.4e-12,3.6e-12
66,Br-78,6.46 m,F,1,6.8E-11,1,3.9e-11,1.8e-11,1.1e-11,7e-12,6e-12
67,Br-78,6.46 m,M,1,8.8E-11,1,5.1e-11,2.3e-11,1.5e-11,9.3e-12,8e-12
68,Br-82m,6.13 m,F,1,1.3E-11,1,9.1e-12,4.6e-12,2.8e-12,1.7e-12,1.4e-12
69,Br-82m,6.13 m,M,1,1.8E-11,1,1.2e-11,6.4e-12,4.1e-12,2.9e-12,2.3e-12
70,Br-84m,6.0 m,F,1,7.7E-11,1,4.8e-11,2.3e-11,1.4e-11,8.8e-12,7.4e-12
71,Br-84m,6.0 m,M,1,9.6E-11,1,6e-11,2.8e-11,1.8e-11,1.1e-11,9.4e-12
72,Rb-77,3.77 m,F,1,7.3E-11,1,4.3e-11,2e-11,1.2e-11,7.6e-12,6.5e-12
73,Rb-77,3.77 m,M,1,9.4E-11,1,5.5e-11,2.6e-11,1.6e-11,1e-11,8.9e-12
74,Rb-77,3.77 m,S,1,9.7E-11,1,5.6e-11,2.6e-11,1.7e-11,1.1e-11,9.1e-12
75,Rb-78,17.66 m,F,1,2.3E-10,1,1.4e-10,6.5e-11,4e-11,2.4e-11,2e-11
76,Rb-78,17.66 m,M,1,3.2E-10,1,1.9e-10,8.8e-11,5.5e-11,3.4e-11,2.8e-11
77,Rb-78,17.66 m,S,1,3.3E-10,1,1.9e-10,9.1e-11,5.7e-11,3.5e-11,2.9e-11
78,Rb-82,1.273 m,F,1,1.7E-11,1,1e-11,4.8e-12,3.1e-12,1.9e-12,1.7e-12
79,Rb-84m,20.26 m,F,1,4.8E-11,1,3e-11,1.4e-11,9e-12,5.6e-12,4.7e-12
80,Rb-86m,1.017 m,F,1,1.6E-12,1,1.2e-12,6.2e-13,3.7e-13,2.2e-13,1.7e-13
81,Rb-90,2.63333 m,F,1,4.3E-11,1,2.5e-11,1.1e-11,7.4e-12,4.6e-12,4e-12
82,Rb-90m,4.3 m,F,1,6.9E-11,1,4.2e-11,2e-11,1.3e-11,7.7e-12,6.5e-12
83,Y-83,7.08 m,M,0.001,1.2E-10,1E-04,7.3e-11,3.3e-11,2.1e-11,1.3e-11,1.1e-11
84,Y-83,7.08 m,S,0.001,1.3E-10,1E-04,7.4e-11,3.4e-11,2.2e-11,1.4e-11,1.1e-11
85,Y-83m,2.85 m,M,0.001,5.3E-11,1E-04,3.1e-11,1.4e-11,9.2e-12,5.8e-12,4.9e-12
86,Y-83m,2.85 m,S,0.001,5.4E-11,1E-04,3.2e-11,1.5e-11,9.5e-12,5.9e-12,5.1e-12
87,Y-84m,40 m,M,0.001,6.0E-10,1E-04,3.7e-10,1.8e-10,1.1e-10,6.9e-11,5.6e-11
88,Y-84m,40 m,S,0.001,6.2E-10,1E-04,3.8e-10,1.8e-10,1.1e-10,7.2e-11,5.8e-11
89,Y-85,2.68 h,M,0.001,9.4E-10,1E-04,5.8e-10,2.8e-10,1.8e-10,1.1e-10,9.1e-11
90,Y-85,2.68 h,S,0.001,9.7E-10,1E-04,6e-10,2.9e-10,1.9e-10,1.2e-10,9.6e-11
91,Y-85m,4.86 h,M,0.001,1.7E-09,1E-04,1.1e-09,5.1e-10,3.2e-10,2e-10,1.6e-10
92,Y-85m,4.86 h,S,0.001,1.8E-09,1E-04,1.1e-09,5.3e-10,3.4e-10,2e-10,1.7e-10
93,Y-87m,13.37 h,M,0.001,1.2E-09,1E-04,7.6e-10,3.8e-10,2.5e-10,1.7e-10,1.3e-10
94,Y-87m,13.37 h,S,0.001,1.2E-09,1E-04,7.9e-10,4e-10,2.6e-10,1.7e-10,1.4e-10
95,Zr-85,7.86 m,F,0.02,1.2E-10,0.002,7.3e-11,3.3e-11,2.1e-11,1.2e-11,1e-11
96,Zr-85,7.86 m,M,0.02,1.7E-10,0.002,1e-10,4.6e-11,2.9e-11,1.8e-11,1.5e-11
97,Zr-85,7.86 m,S,0.02,1.8E-10,0.002,1e-10,4.8e-11,3e-11,1.9e-11,1.6e-11
98,Zr-87,1.68 h,F,0.02,5.9E-10,0.002,3.4e-10,1.5e-10,9.5e-11,5.3e-11,4.4e-11
99,Zr-87,1.68 h,M,0.02,9.2E-10,0.002,5.5e-10,2.6e-10,1.7e-10,1.1e-10,8.7e-11
100,Zr-87,1.68 h,S,0.02,9.5E-10,0.002,5.8e-10,2.7e-10,1.7e-10,1.1e-10,9.2e-11
101,Zr-89m,4.18 m,F,0.02,8.7E-12,0.002,6.3e-12,3.2e-12,1.9e-12,1.2e-12,9.4e-13
102,Zr-89m,4.18 m,M,0.02,1.1E-11,0.002,7.7e-12,3.9e-12,2.4e-12,1.5e-12,1.2e-12
103,Zr-89m,4.18 m,S,0.02,1.1E-11,0.002,7.8e-12,4e-12,2.5e-12,1.6e-12,1.3e-12
104,Nb-88m,7.8 m,F,0.02,1.3E-10,0.01,8.1e-11,3.9e-11,2.4e-11,1.5e-11,1.2e-11
105,Nb-88m,7.8 m,M,0.02,1.7E-10,0.01,1e-10,4.8e-11,3e-11,1.9e-11,1.6e-11
106,Nb-88m,7.8 m,S,0.02,1.7E-10,0.01,1e-10,5e-11,3.1e-11,1.9e-11,1.6e-11
107,Nb-91,6.8E+2 y,F,0.02,1.6E-09,0.01,1.1e-09,5.6e-10,3.2e-10,2e-10,1.7e-10
108,Nb-91,6.8E+2 y,M,0.02,1.9E-09,0.01,1.5e-09,8e-10,5e-10,3.7e-10,2.9e-10
109,Nb-91,6.8E+2 y,S,0.02,5.7E-09,0.01,5.3e-09,3.4e-09,2.4e-09,2e-09,1.9e-09
110,Nb-91m,60.86 d,F,0.02,6.1E-09,0.01,3.5e-09,1.7e-09,9.2e-10,5.3e-10,4.5e-10
111,Nb-91m,60.86 d,M,0.02,1.5E-08,0.01,1e-08,6.3e-09,4.6e-09,4.3e-09,3.3e-09
112,Nb-91m,60.86 d,S,0.02,1.8E-08,0.01,1.3e-08,7.7e-09,5.7e-09,5.3e-09,4.1e-09
113,Nb-92,3.47E+7 y,F,0.02,2.5E-08,0.01,2.1e-08,1.2e-08,8.2e-09,5.7e-09,5.1e-09
114,Nb-92,3.47E+7 y,M,0.02,2.2E-08,0.01,1.8e-08,1.1e-08,7.8e-09,6.1e-09,5.3e-09
115,Nb-92,3.47E+7 y,S,0.02,6.3E-08,0.01,6.2e-08,4.4e-08,3.2e-08,2.9e-08,2.7e-08
116,Nb-92m,10.15 d,F,0.02,2.6E-09,0.01,2e-09,1e-09,6.7e-10,4.2e-10,3.5e-10
117,Nb-92m,10.15 d,M,0.02,3.0E-09,0.01,2.2e-09,1.2e-09,7.9e-10,5.3e-10,4.2e-10
118,Nb-92m,10.15 d,S,0.02,3.1E-09,0.01,2.3e-09,1.3e-09,8.1e-10,5.5e-10,4.4e-10
119,Nb-94m,6.26 m,F,0.02,2.6E-12,0.01,1.7e-12,8.5e-13,4.9e-13,3.1e-13,2.5e-13
120,Nb-94m,6.26 m,M,0.02,3.3E-12,0.01,2.1e-12,1.1e-12,6.3e-13,4.1e-13,3.3e-13
121,Nb-94m,6.26 m,S,0.02,3.4E-12,0.01,2.2e-12,1.1e-12,6.4e-13,4.2e-13,3.4e-13
122,Mo-91,15.49 m,F,1,1.6E-10,0.8,9.2e-11,4.1e-11,2.5e-11,1.5e-11,1.3e-11
123,Mo-91,15.49 m,M,0.2,2.4E-10,0.1,1.3e-10,6e-11,3.8e-11,2.4e-11,2e-11
124,Mo-91,15.49 m,S,0.02,2.5E-10,0.01,1.4e-10,6.2e-11,3.9e-11,2.4e-11,2.1e-11
125,Mo-102,11.3 m,F,1,2.0E-10,0.8,1.1e-10,4.5e-11,2.9e-11,1.8e-11,1.6e-11
126,Mo-102,11.3 m,M,0.2,2.9E-10,0.1,1.5e-10,6.7e-11,4.4e-11,2.8e-11,2.4e-11
127,Mo-102,11.3 m,S,0.02,3.0E-10,0.01,1.6e-10,6.9e-11,4.5e-11,2.9e-11,2.5e-11
128,Tc-102m,4.35 m,F,1,5.7E-11,0.8,3.6e-11,1.7e-11,1.1e-11,6.6e-12,5.5e-12
129,Tc-102m,4.35 m,M,0.2,6.7E-11,0.1,4.2e-11,2e-11,1.3e-11,7.8e-12,6.6e-12
130,Tc-102m,4.35 m,S,0.02,6.8E-11,0.01,4.2e-11,2e-11,1.3e-11,8e-12,6.7e-12
131,Ru-95,1.643 h,F,0.1,2.4E-10,0.05,1.8e-10,9.2e-11,5.6e-11,3.2e-11,2.6e-11
132,Ru-95,1.643 h,M,0.1,3.2E-10,0.05,2.3e-10,1.2e-10,7.3e-11,4.4e-11,3.5e-11
133,Ru-95,1.643 h,S,0.02,3.3E-10,0.01,2.3e-10,1.2e-10,7.5e-11,4.6e-11,3.6e-11
134,Rh-97,30.7 m,F,0.1,1.7E-10,0.05,1e-10,4.9e-11,3e-11,1.8e-11,1.5e-11
135,Rh-97,30.7 m,M,0.1,2.5E-10,0.05,1.5e-10,7e-11,4.4e-11,2.8e-11,2.3e-11
136,Rh-97,30.7 m,S,0.1,2.6E-10,0.05,1.5e-10,7.3e-11,4.6e-11,2.9e-11,2.4e-11
137,Rh-97m,46.2m,F,0.1,1.9E-10,0.05,1.3e-10,6.5e-11,4e-11,2.3e-11,1.9e-11
138,Rh-97m,46.2m,M,0.1,2.5E-10,0.05,1.7e-10,8.5e-11,5.3e-11,3.3e-11,2.7e-11
139,Rh-97m,46.2m,S,0.1,2.6E-10,0.05,1.8e-10,8.8e-11,5.5e-11,3.4e-11,2.7e-11
140,Rh-98,8.7m,F,0.1,1.1E-10,0.05,6.3e-11,2.9e-11,1.8e-11,1.1e-11,9.3e-12
141,Rh-98,8.7m,M,0.1,1.4E-10,0.05,8.3e-11,3.8e-11,2.4e-11,1.5e-11,1.3e-11
142,Rh-98,8.7m,S,0.1,1.5E-10,0.05,8.5e-11,3.9e-11,2.5e-11,1.5e-11,1.3e-11
143,Rh-100m,4.6m,F,0.1,1.6E-11,0.05,1.1e-11,5.7e-12,3.6e-12,2.3e-12,1.9e-12
144,Rh-100m,4.6m,M,0.1,2.0E-11,0.05,1.4e-11,7.1e-12,4.6e-12,3e-12,2.4e-12
145,Rh-100m,4.6m,S,0.1,2.1E-11,0.05,1.4e-11,7.2e-12,4.7e-12,3.1e-12,2.5e-12
146,Pd-98,17.7m,F,0.05,2.0E-10,0.005,1.2e-10,5.3e-11,3.3e-11,1.9e-11,1.6e-11
147,Pd-98,17.7m,M,0.05,3.1E-10,0.005,1.8e-10,8.2e-11,5.1e-11,3.2e-11,2.7e-11
148,Pd-98,17.7m,S,0.05,3.2E-10,0.005,1.8e-10,8.5e-11,5.3e-11,3.4e-11,2.8e-11
149,Pd-99,21.4m,F,0.05,1.3E-10,0.005,8.4e-11,4e-11,2.5e-11,1.5e-11,1.2e-11
150,Pd-99,21.4m,M,0.05,1.9E-10,0.005,1.2e-10,5.6e-11,3.5e-11,2.2e-11,1.8e-11
151,Pd-99,21.4m,S,0.05,2.0E-10,0.005,1.2e-10,5.7e-11,3.7e-11,2.3e-11,1.9e-11
152,Pd-109m,4.69m,F,0.05,3.0E-11,0.005,1.7e-11,7.6e-12,5e-12,3e-12,2.6e-12
153,Pd-109m,4.69m,M,0.05,4.4E-11,0.005,2.6e-11,1.2e-11,8.1e-12,5.5e-12,4.6e-12
154,Pd-109m,4.69m,S,0.05,4.6E-11,0.005,2.7e-11,1.2e-11,8.5e-12,5.7e-12,4.9e-12
155,Pd-111,23.4m,F,0.05,1.6E-10,0.005,8.6e-11,3.7e-11,2.4e-11,1.5e-11,1.3e-11
156,Pd-111,23.4m,M,0.05,2.7E-10,0.005,1.4e-10,6.6e-11,4.3e-11,2.9e-11,2.5e-11
157,Pd-111,23.4m,S,0.05,2.8E-10,0.005,1.5e-10,6.9e-11,4.6e-11,3.1e-11,2.6e-11
158,Pd-112,21.03h,F,0.05,7.4E-09,0.005,4.2e-09,1.8e-09,1.1e-09,5.9e-10,4.9e-10
159,Pd-112,21.03h,M,0.05,1.2E-08,0.005,7e-09,3.2e-09,2.1e-09,1.2e-09,1e-09
160,Pd-112,21.03h,S,0.05,1.2E-08,0.005,7.3e-09,3.4e-09,2.2e-09,1.3e-09,1.1e-09
161,Ag-101,11.1m,F,0.1,1.1E-10,0.05,6.5e-11,3e-11,1.9e-11,1.1e-11,9.5e-12
162,Ag-101,11.1m,M,0.1,1.5E-10,0.05,8.7e-11,4e-11,2.6e-11,1.6e-11,1.3e-11
163,Ag-101,11.1m,S,0.02,1.5E-10,0.01,8.9e-11,4.2e-11,2.6e-11,1.7e-11,1.4e-11
164,Ag-105m,7.23m,F,0.1,1.4E-12,0.05,7.9e-13,3.7e-13,2.3e-13,1.4e-13,1.2e-13
165,Ag-105m,7.23m,M,0.1,1.7E-12,0.05,9.2e-13,4.6e-13,2.9e-13,2e-13,1.6e-13
166,Ag-105m,7.23m,S,0.02,1.7E-12,0.01,9.5e-13,4.8e-13,3e-13,2.1e-13,1.7e-13
167,Ag-108,2.37m,F,0.1,2.2E-11,0.05,1.3e-11,5.4e-12,3.7e-12,2.3e-12,2.1e-12
168,Ag-108,2.37m,M,0.1,2.5E-11,0.05,1.5e-11,6.3e-12,4.3e-12,2.7e-12,2.4e-12
169,Ag-108,2.37m,S,0.02,2.6E-11,0.01,1.5e-11,6.4e-12,4.4e-12,2.8e-12,2.5e-12
170,Ag-113m,1.145m,F,0.1,7.4E-12,0.05,4.3e-12,1.9e-12,1.3e-12,7.6e-13,6.7e-13
171,Ag-113m,1.145m,M,0.1,9.8E-12,0.05,5.8e-12,2.6e-12,1.7e-12,1.1e-12,9.4e-13
172,Ag-113m,1.145m,S,0.02,1.0E-11,0.01,6e-12,2.7e-12,1.8e-12,1.1e-12,9.7e-13
173,Cd-105,55.5m,F,0.1,1.6E-10,0.05,1.1e-10,5.3e-11,3.3e-11,1.9e-11,1.6e-11
174,Cd-105,55.5m,M,0.1,2.3E-10,0.05,1.5e-10,7.2e-11,4.5e-11,2.8e-11,2.3e-11
175,Cd-105,55.5m,S,0.1,2.4E-10,0.05,1.5e-10,7.4e-11,4.7e-11,2.9e-11,2.4e-11
176,Cd-111m,48.54m,F,0.1,1.0E-10,0.05,6.4e-11,2.9e-11,1.9e-11,1.2e-11,1e-11
177,Cd-111m,48.54m,M,0.1,1.8E-10,0.05,1.1e-10,5.3e-11,3.7e-11,2.6e-11,2.2e-11
178,Cd-111m,48.54m,S,0.1,1.9E-10,0.05,1.2e-10,5.6e-11,3.9e-11,2.8e-11,2.3e-11
179,Cd-113m,14.1y,F,0.1,3.0E-07,0.05,2.7e-07,1.7e-07,1.3e-07,1.1e-07,1.1e-07
180,Cd-113m,14.1y,M,0.1,1.4E-07,0.05,1.2e-07,7.8e-08,5.9e-08,5.3e-08,5.3e-08
181,Cd-113m,14.1y,S,0.1,1.1E-07,0.05,7.8e-08,5e-08,3.6e-08,3.1e-08,3e-08
182,Cd-118,50.3m,F,0.1,5.4E-10,0.05,2.7e-10,1.1e-10,7.1e-11,4.1e-11,3.5e-11
183,Cd-118,50.3m,M,0.1,9.3E-10,0.05,4.9e-10,2.2e-10,1.4e-10,8.7e-11,7.4e-11
184,Cd-118,50.3m,S,0.1,9.8E-10,0.05,5.1e-10,2.3e-10,1.5e-10,9.3e-11,7.8e-11
185,In-107,32.4m,F,0.04,1.5E-10,0.02,9.8e-11,4.7e-11,2.9e-11,1.7e-11,1.4e-11
186,In-107,32.4m,M,0.04,2.3E-10,0.02,1.5e-10,7.2e-11,4.6e-11,3e-11,2.4e-11
187,In-108,58.0m,F,0.04,3.3E-10,0.02,2.8e-10,1.3e-10,7.8e-11,4.6e-11,3.7e-11
188,In-108,58.0m,M,0.04,4.3E-10,0.02,3.1e-10,1.6e-10,9.9e-11,6e-11,4.8e-11
189,In-108m,39.6m,F,0.04,2.8E-10,0.02,1.7e-10,8.3e-11,5.1e-11,3e-11,2.4e-11
190,In-108m,39.6m,M,0.04,4.0E-10,0.02,2.4e-10,1.2e-10,7.2e-11,4.5e-11,3.7e-11
191,In-109m,1.34m,F,0.04,3.7E-12,0.02,2.7e-12,1.4e-12,8.5e-13,5.1e-13,4.1e-13
192,In-109m,1.34m,M,0.04,4.2E-12,0.02,3.1e-12,1.6e-12,9.7e-13,6e-13,4.8e-13
193,In-111m,7.7m,F,0.04,1.5E-11,0.02,1e-11,4.8e-12,3e-12,1.8e-12,1.5e-12
194,In-111m,7.7m,M,0.04,1.9E-11,0.02,1.3e-11,6.2e-12,4e-12,2.5e-12,2.1e-12
195,In-112m,20.56m,F,0.04,1.2E-10,0.02,6.8e-11,3e-11,2e-11,1.2e-11,1.1e-11
196,In-112m,20.56m,M,0.04,2.0E-10,0.02,1.2e-10,5.3e-11,3.6e-11,2.5e-11,2.1e-11
197,In-114,1.19833m,F,0.04,1.2E-11,0.02,7.2e-12,3.1e-12,2.1e-12,1.4e-12,1.2e-12
198,In-114,1.19833m,M,0.04,1.4E-11,0.02,7.9e-12,3.4e-12,2.3e-12,1.5e-12,1.3e-12
199,Sn-113m,21.4 m,F,0.04,1.8E-11,0.02,1.1e-11,5.2e-12,3.4e-12,2.4e-12,2e-12
200,Sn-113m,21.4 m,M,0.04,3.1E-11,0.02,1.9e-11,9.7e-12,6.8e-12,4.9e-12,4.1e-12
201,Sn-125m,9.52 m,F,0.04,7.9E-11,0.02,4.4e-11,1.9e-11,1.3e-11,7.7e-12,6.7e-12
202,Sn-125m,9.52 m,M,0.04,1.1E-10,0.02,6.1e-11,2.7e-11,1.8e-11,1.1e-11,9.8e-12
203,Sb-114,3.49 m,F,0.2,4.6E-11,0.1,2.9e-11,1.4e-11,8.8e-12,5.4e-12,4.5e-12
204,Sb-114,3.49 m,M,0.02,5.4E-11,0.01,3.4e-11,1.6e-11,1e-11,6.3e-12,5.3e-12
205,Sb-114,3.49 m,S,0.02,5.8E-11,0.01,3.5e-11,1.6e-11,1e-11,6.4e-12,5.4e-12
206,Sb-118,3.6 m,F,0.2,3.3E-11,0.1,2e-11,8.9e-12,5.7e-12,3.5e-12,3.1e-12
207,Sb-118,3.6 m,M,0.02,4.0E-11,0.01,2.3e-11,1.1e-11,6.9e-12,4.3e-12,3.7e-12
208,Sb-118,3.6 m,S,0.02,4.0E-11,0.01,2.4e-11,1.1e-11,7e-12,4.4e-12,3.8e-12
209,Sb-122m,4.191 m,F,0.2,1.1E-11,0.1,6.6e-12,3.1e-12,2e-12,1.2e-12,1e-12
210,Sb-122m,4.191 m,M,0.02,1.7E-11,0.01,1e-11,5.2e-12,3.4e-12,2.4e-12,2e-12
211,Sb-122m,4.191 m,S,0.02,1.8E-11,0.01,1.1e-11,5.4e-12,3.6e-12,2.5e-12,2.1e-12
212,Sb-124m,1.55 m,F,0.2,5.1E-12,0.1,3.3e-12,1.5e-12,1e-12,6.2e-13,5.3e-13
213,Sb-124m,1.55 m,M,0.02,5.9E-12,0.01,3.8e-12,1.8e-12,1.2e-12,7.6e-13,6.5e-13
214,Sb-124m,1.55 m,S,0.02,6.0E-12,0.01,3.9e-12,1.9e-12,1.2e-12,8e-13,6.8e-13
215,Te-117,62 m,F,0.6,2.0E-10,0.3,1.4e-10,7e-11,4.3e-11,2.5e-11,2e-11
216,Te-117,62 m,M,0.2,3.0E-10,0.1,2e-10,9.8e-11,6.2e-11,3.9e-11,3.1e-11
217,Te-117,62 m,S,0.02,3.1E-10,0.01,2e-10,1e-10,6.4e-11,4e-11,3.3e-11
218,Te-118,6.00 d,F,0.6,1.2E-08,0.3,7.5e-09,3.4e-09,1.9e-09,1.1e-09,8.5e-10
219,Te-118,6.00 d,M,0.2,2.0E-08,0.1,1.3e-08,6.3e-09,4.1e-09,2.7e-09,2.3e-09
220,Te-118,6.00 d,S,0.02,2.2E-08,0.01,1.3e-08,6.8e-09,4.4e-09,3e-09,2.6e-09
221,Te-119,16.03 h,F,0.6,6.5E-10,0.3,5.2e-10,2.7e-10,1.6e-10,9.4e-11,7.5e-11
222,Te-119,16.03 h,M,0.2,9.1E-10,0.1,6.8e-10,3.5e-10,2.2e-10,1.3e-10,1e-10
223,Te-119,16.03 h,S,0.02,9.9E-10,0.01,7.1e-10,3.6e-10,2.3e-10,1.4e-10,1.1e-10
224,Te-119m,4.70 d,F,0.6,2.8E-09,0.3,2.1e-09,1.1e-09,6.9e-10,4.1e-10,3.4e-10
225,Te-119m,4.70 d,M,0.2,3.9E-09,0.1,2.8e-09,1.5e-09,9.9e-10,6.8e-10,5.2e-10
226,Te-119m,4.70 d,S,0.02,4.1E-09,0.01,3e-09,1.6e-09,1e-09,6.9e-10,5.8e-10
227,I-118,13.7 m,F,1,6.8E-10,1,5.5e-10,2.7e-10,1.4e-10,8.3e-11,5.8e-11
228,I-118,13.7 m,M,0.2,4.3E-10,0.1,2.5e-10,1.2e-10,6.9e-11,4.2e-11,3.4e-11
229,I-118,13.7 m,S,0.02,3.5E-10,0.01,2e-10,9.1e-11,5.7e-11,3.5e-11,3e-11
230,I-119,19.1 m,F,1,1.7E-10,1,1.2e-10,5.6e-11,3.2e-11,1.9e-11,1.5e-11
231,I-119,19.1 m,M,0.2,1.8E-10,0.1,1.1e-10,5.1e-11,3.2e-11,2e-11,1.7e-11
232,I-119,19.1 m,S,0.02,1.8E-10,0.01,1.1e-10,5e-11,3.2e-11,2e-11,1.7e-11
233,I-122,3.63 m,F,1,3.9E-11,1,2.3e-11,1e-11,6.7e-12,4.1e-12,3.5e-12
234,I-122,3.63 m,M,0.2,4.6E-11,0.1,2.7e-11,1.2e-11,7.8e-12,4.9e-12,4.2e-12
235,I-122,3.63 m,S,0.02,4.6E-11,0.01,2.7e-11,1.2e-11,8e-12,5e-12,4.3e-12
236,Cs-126,1.64m,F,1,2.0E-11,1.0,1.2e-11,5.5e-12,3.6E-12,2.2E-12,1.9E-12
237,Cs-126,1.64m,M,0.2,2.2E-11,0.1,1.3e-11,6e-12,3.9e-12,2.4e-12,2.1e-12
238,Cs-126,1.64m,S,0.02,2.2E-11,0.01,1.3e-11,6.1e-12,4e-12,2.5e-12,2.1e-12
239,Cs-128,3.62m,F,1,3.3E-11,1,1.9e-11,8.8e-12,5.7e-12,3.5e-12,3e-12
240,Cs-128,3.62m,M,0.2,3.9E-11,0.1,2.3e-11,1e-11,6.8e-12,4.2e-12,3.7e-12
241,Cs-128,3.62m,S,0.02,4.0E-11,0.01,2.3e-11,1.1e-11,6.9e-12,4.3e-12,3.7e-12
242,Cs-130m,3.46m,F,1,1.7E-11,1,1e-11,4.7e-12,3e-12,1.9e-12,1.6e-12
243,Cs-130m,3.46m,M,0.2,2.5E-11,0.1,1.5e-11,6.9e-12,4.5e-12,3e-12,2.5e-12
244,Cs-130m,3.46m,S,0.02,2.6E-11,0.01,1.5e-11,7.1e-12,4.6e-12,3.1e-12,2.6e-12
245,Cs-139,9.27m,F,1,1.4E-10,1,7.2e-11,3.1e-11,2e-11,1.2e-11,1e-11
246,Cs-139,9.27m,M,0.2,2.2E-10,0.1,1.2e-10,5.1e-11,3.3e-11,2.1e-11,1.8e-11
247,Cs-139,9.27m,S,0.02,2.3E-10,0.01,1.2e-10,5.4e-11,3.5e-11,2.2e-11,1.9e-11
248,Ba-124,11.0m,F,0.6,1.9E-10,0.2,1.1e-10,5e-11,3.1e-11,1.8e-11,1.6e-11
249,Ba-124,11.0m,M,0.2,2.6E-10,0.1,1.5e-10,6.6e-11,4.2e-11,2.6e-11,2.2e-11
250,Ba-124,11.0m,S,0.02,2.7E-10,0.01,1.5e-10,6.8e-11,4.3e-11,2.7e-11,2.3e-11
251,Ba-127,12.7m,F,0.6,8.5E-11,0.2,5.2e-11,2.4e-11,1.5e-11,8.9e-12,7.9e-12
252,Ba-127,12.7m,M,0.2,1.2E-10,0.1,6.9e-11,3.2e-11,2.1e-11,1.3e-11,1.1e-11
253,Ba-127,12.7m,S,0.02,1.2E-10,0.01,7.1e-11,3.3e-11,2.1e-11,1.4e-11,1.1e-11
254,Ba-129,2.23h,F,0.6,1.8E-10,0.2,1.3e-10,6.4e-11,3.7e-11,2.0E-11,2.OE-11
255,Ba-129,2.23h,M,0.2,2.7E-10,0.1,1.7e-10,8.5e-11,5.4e-11,3.5E-11,2.9E-11
256,Ba-129,2.23h,S,0.02,2.9E-10,0.01,1.8e-10,8.8e-11,5.7e-11,3.6E-11,3.0E-11
257,Ba-129m,2.16h,F,0.6,3.0E-10,0.2,2.5e-10,1.3e-10,7.7e-11,4.4E-11,3.9E-11
258,Ba-129m,2.16h,M,0.2,4.0E-10,0.1,2.9e-10,1.5e-10,9.7e-11,6.OE-11,4.8E-11
259,Ba-129m,2.16h,S,0.02,4.1E-10,0.01,3e-10,1.6e-10,9.9e-11,6.2e-11,4.9E-11
260,Ba-137m,2.552m,F,0.6,4.9E-12,0.2,3.5e-12,1.7e-12,1.1e-12,6.6E-13,5.4E-13
261,Ba-137m,2.552m,M,0.2,5.5E-12,0.1,3.9e-12,1.9e-12,1.2e-12,7.3E-13,6.OE-13
262,Ba-137m,2.552m,S,0.02,5.5E-12,0.01,3.9e-12,1.9e-12,1.2e-12,7.4E-13,6.1E-13
263,La-129,11.6m,F,0.005,9.1E-11,0.0005,5.5e-11,2.5e-11,1.6E-11,9.6E-12,8.OE-12
264,La-129,11.6m,M,0.005,1.3E-10,0.0005,7.6e-11,3.5e-11,2.3E-11,1.4E-11,1.2E-11
265,La-130,8.7m,F,0.005,9.8E-11,0.0005,5.9e-11,2.7e-11,1.7E-11,1.0e-11,8.6E-12
266,La-130,8.7m,M,0.005,1.3E-10,0.0005,7.6e-11,3.5e-11,2.2E-11,1.42-11,1.2E-11
267,La-132m,24.3m,F,0.005,1.3E-10,0.0005,8.5e-11,4.1e-11,2.5E-11,1.5E-11,1.2E-11
268,La-132m,24.3m,M,0.005,2.0E-10,0.0005,1.3e-10,6.1e-11,3.9E-11,2.4E-11,2.0E-11
269,La-133,3.912 h,F,0.005,1.5e-10,5e-04,1.0e-10,4.8E-11,3.0E-11,1.7E-11,1.4E-11 
270,La-134,3.912 h,M,0.005,2.3e-10,5e-04,1.5e-10,7.02-11,4.52-11,2.82-11,2.32-11
271,La-134,6.45m,F,0.005,4.8e-11,5e-04,2.8e-11,1.3e-11,8.1E-12,4.9E-12,4.2E-12
272,La-134,6.45m,M,0.005,6.2e-11,5e-04,3.6e-11,1.6e-11,1.0e-11,6.5E-12,5.6E-12
269,La-136,9.87 m,F,0.005,3.4E-11,5E-04,2e-11,9.2e-12,5.8e-12,3.6e-12,3e-12
270,La-136,9.87 m,M,0.005,4.7E-11,5E-04,2.7e-11,1.2e-11,8e-12,5.1e-12,4.3e-12
271,Ce-130,22.9 m,F,0.005,2.4E-10,5E-04,1.4e-10,6.7e-11,4.1e-11,2.4e-11,2e-11
272,Ce-130,22.9 m,M,0.005,3.8E-10,5E-04,2.2e-10,1e-10,6.5e-11,4.1e-11,3.4e-11
273,Ce-130,22.9 m,S,0.005,4.0E-10,5E-04,2.3e-10,1.1e-10,6.7e-11,4.3e-11,3.5e-11
274,Ce-131,10.2 m,F,0.005,1.0E-10,5E-04,6.2e-11,2.9e-11,1.8e-11,1.1e-11,9.2e-12
275,Ce-131,10.2 m,M,0.005,1.4E-10,5E-04,8.5e-11,4e-11,2.6e-11,1.7e-11,1.4e-11
276,Ce-131,10.2 m,S,0.005,1.4E-10,5E-04,8.7e-11,4.2e-11,2.7e-11,1.7e-11,1.4e-11
277,Ce-131m,5.0 m,F,0.005,5.8E-11,5E-04,3.5e-11,1.6e-11,1e-11,6.2e-12,5.3e-12
278,Ce-131m,5.0 m,M,0.005,7.6E-11,5E-04,4.5e-11,2.1e-11,1.4e-11,8.6e-12,7.3e-12
279,Ce-131m,5.0 m,S,0.005,7.8E-11,5E-04,4.6e-11,2.2e-11,1.4e-11,8.9e-12,7.6e-12
280,Ce-132,3.51 h,F,0.005,9.7E-10,5E-04,6.2e-10,2.9e-10,1.8e-10,9.9e-11,8.1e-11
281,Ce-132,3.51 h,M,0.005,1.4E-09,5E-04,9.2e-10,4.4e-10,2.8e-10,1.6e-10,1.3e-10
282,Ce-132,3.51 h,S,0.005,1.5E-09,5E-04,9.5e-10,4.6e-10,2.9e-10,1.7e-10,1.4e-10
283,Ce-133,97 m,F,0.005,3.0E-10,5E-04,1.8e-10,8.4e-11,5.2e-11,3e-11,2.5e-11
284,Ce-133,97 m,M,0.005,4.9E-10,5E-04,2.9e-10,1.4e-10,9.2e-11,6.1e-11,5e-11
285,Ce-133,97 m,S,0.005,5.1E-10,5E-04,3e-10,1.5e-10,9.6e-11,6.4e-11,5.2e-11
286,Ce-133m,4.9 h,F,0.005,7.7E-10,5E-04,5.6e-10,2.8e-10,1.8e-10,1e-10,8.2e-11
287,Ce-133m,4.9 h,M,0.005,1.1E-09,5E-04,7.8e-10,3.8e-10,2.4e-10,1.5e-10,1.2e-10
288,Ce-133m,4.9 h,S,0.005,1.1E-09,5E-04,7.7e-10,3.9e-10,2.5e-10,1.5e-10,1.2e-10
289,Ce-148,13.52 m,F,0.005,1.7E-10,5E-04,9.7e-11,4.3e-11,2.7e-11,1.6e-11,1.4e-11
290,Ce-148,13.52 m,M,0.005,2.8E-10,5E-04,1.6e-10,7.1e-11,4.6e-11,3e-11,2.5e-11
291,Ce-148,13.52 m,S,0.005,2.9E-10,5E-04,1.6e-10,7.4e-11,4.8e-11,3.1e-11,2.6e-11
292,Pr-17,17 m,M,0.005,3.4E-10,5E-04,2e-10,9e-11,5.7e-11,3.5e-11,2.9e-11
293,Pr-17,17 m,S,0.005,3.5E-10,5E-04,2e-10,9.4e-11,5.9e-11,3.7e-11,3.1e-11
294,Pr-134m,11 m,M,0.005,2.1E-10,5E-04,1.3e-10,6e-11,3.8e-11,2.3e-11,1.9e-11
295,Pr-134m,11 m,S,0.005,2.1E-10,5E-04,1.3e-10,6.2e-11,3.9e-11,2.4e-11,2e-11
296,Pr-135,24 m,M,0.005,2.2E-10,5E-04,1.3e-10,6.1e-11,3.9e-11,2.5e-11,2e-11
297,Pr-135,24 m,S,0.005,2.3E-10,5E-04,1.3e-10,6.3e-11,4e-11,2.6e-11,2.1e-11
298,Pr-138,1.45 m,M,0.005,1.7E-11,5E-04,1e-11,4.6e-12,3e-12,1.9e-12,1.7e-12
299,Pr-138,1.45 m,S,0.005,1.7E-11,5E-04,1e-11,4.7e-12,3e-12,1.9e-12,1.7e-12
300,Pr-140,3.39 m,M,0.005,2.5E-11,5E-04,1.5e-11,6.8e-12,4.4e-12,2.8e-12,2.4e-12
301,Pr-140,3.39 m,S,0.005,2.6E-11,5E-04,1.5e-11,6.9e-12,4.5e-12,2.8e-12,2.4e-12
302,Pr-144m,7.2 m,M,0.005,9.2E-11,5E-04,4.7e-11,2.1e-11,1.3e-11,8.5e-12,7.2e-12
303,Pr-144m,7.2 m,S,0.005,9.6E-11,5E-04,4.9e-11,2.2e-11,1.4e-11,9e-12,7.6e-12
304,Pr-146,24.15 m,M,0.005,3.4E-10,5E-04,1.9e-10,8.4e-11,5.3e-11,3.3e-11,2.8e-11
305,Pr-146,24.15 m,S,0.005,3.5E-10,5E-04,1.9e-10,8.7e-11,5.5e-11,3.5e-11,2.9e-11
306,Nd-135,12.4 m,S,0.005,2.9E-10,5E-04,1.7e-10,7.9e-11,5e-11,3.2e-11,2.7e-11
307,Nd-137,38.5 m,M,0.005,3.0E-10,5E-04,1.8e-10,8.6e-11,5.5e-11,3.4e-11,2.8e-11
308,Nd-137,38.5 m,S,0.005,3.1E-10,5E-04,1.9e-10,8.9e-11,5.7e-11,3.6e-11,2.9e-11
309,Nd-140,3.37 d,M,0.005,1.1E-08,5E-04,6.3e-09,3e-09,2e-09,1.3e-09,1.1e-09
310,Nd-140,3.37 d,S,0.005,1.1E-08,5E-04,6.5e-09,3.2e-09,2.1e-09,1.3e-09,1.1e-09
311,Nd-141m,1.03333 m,M,0.005,2.6E-12,5E-04,1.9e-12,9.4e-13,5.8e-13,3.6e-13,2.9e-13
312,Nd-141m,1.03333 m,S,0.005,2.6E-12,5E-04,1.9e-12,9.5e-13,5.9e-13,3.6e-13,2.9e-13
313,Nd-144,2.29E+15 y,M,0.005,2.0E-05,5E-04,1.9e-05,1.2e-05,8.5e-06,7.7e-06,7.8e-06
314,Nd-144,2.29E+15 y,S,0.005,1.1E-05,5E-04,9.6e-06,6.1e-06,4e-06,3.4e-06,3.4e-06
315,Nd-152,11.4 m,M,0.005,2.6E-10,5E-04,1.4e-10,6.2e-11,4.1e-11,2.6e-11,2.2e-11
316,Nd-152,11.4 m,S,0.005,2.7E-10,5E-04,1.5e-10,6.5e-11,4.2e-11,2.7e-11,2.3e-11
317,Pm-138,3.24 m,M,0.005,8.2E-11,5E-04,5e-11,2.3e-11,1.5e-11,8.9e-12,7.4e-12
318,Pm-138,3.24 m,S,0.005,8.4E-11,5E-04,5.1e-11,2.4e-11,1.5e-11,9.1e-12,7.6e-12
319,Pm-139,4.15 m,M,0.005,6.4E-11,5E-04,3.7e-11,1.7e-11,1.1e-11,6.9e-12,5.9e-12
320,Pm-139,4.15 m,S,0.005,6.6E-11,5E-04,3.8e-11,1.8e-11,1.1e-11,7.1e-12,6e-12
321,Pm-140m,5.95 m,M,0.005,1.0E-10,5E-04,6.5e-11,3.1e-11,2e-11,1.2e-11,1e-11
322,Pm-140m,5.95 m,S,0.005,1.1E-10,5E-04,6.7e-11,3.2e-11,2e-11,1.2e-11,1e-11
323,Pm-152,4.12 m,M,0.005,6.3E-11,5E-04,3.5e-11,1.5e-11,1e-11,6.4e-12,5.6e-12
324,Pm-152,4.12 m,S,0.005,6.4E-11,5E-04,3.6e-11,1.6e-11,1e-11,6.5e-12,5.8e-12
325,Sm-140,14.82 m,M,0.005,3.8E-10,5E-04,2.1e-10,9.6e-11,6e-11,3.7e-11,3.2e-11
326,Sm-143,8.83 m,M,0.005,5.9E-11,5E-04,3.4e-11,1.5e-11,9.8e-12,6.2e-12,5.3e-12
327,Sm-143m,1.1 m,M,0.005,9.9E-12,5E-04,6e-12,2.8e-12,1.8e-12,1.1e-12,9.3e-13
328,Sm-148,7E+15 y,M,0.005,2.1E-05,5E-04,1.9e-05,1.3e-05,8.9e-06,8.1e-06,8.2e-06
329,Eu-143,2.59 m,M,0.005,5.1E-11,5E-04,3e-11,1.4e-11,8.8e-12,5.5e-12,4.7e-12
330,Eu-152n,96 m,M,0.005,7.3E-11,5E-04,4.4e-11,2.3e-11,1.5e-11,9.6e-12,8.1e-12
331,Eu-154m,46.0 m,M,0.005,4.1E-11,5E-04,2.4e-11,1.2e-11,7.5e-12,5.1e-12,4.3e-12
332,Eu-159,18.1 m,M,0.005,2.5E-10,5E-04,1.4e-10,6.3e-11,4.1e-11,2.7e-11,2.3e-11
333,Gd-145m,1.41666 m,F,0.005,1.2E-11,5E-04,7.8e-12,3.8e-12,2.4e-12,1.4e-12,1.2e-12
334,Gd-145m,1.41666 m,M,0.005,1.5E-11,5E-04,9.5e-12,4.7e-12,2.9e-12,1.8e-12,1.5e-12
335,Gd-150,1.79E+6 y,F,0.005,7.4E-05,5E-04,6.7e-05,4.1e-05,2.9e-05,2.4e-05,2.4e-05
336,Gd-150,1.79E+6 y,M,0.005,2.8E-05,5E-04,2.5e-05,1.7e-05,1.1e-05,1e-05,1e-05
337,Tb-147m,1.87m,M,0.005,1.6E-11,5E-04,1.1e-11,5.4e-12,3.4e-12,2.1e-12,1.7e-12
338,Tb-148,60m,M,0.005,6.4E-10,5E-04,3.9e-10,1.9e-10,1.2e-10,8.1e-11,6.9e-11
339,Tb-148m,2.20m,M,0.005,2.3E-11,5E-04,1.7e-11,8.5e-12,5.3e-12,3.4e-12,2.9e-12
340,Tb-149m,4.16m,M,0.005,2.6E-11,5E-04,1.8e-11,8.9e-12,5.6e-12,3.6e-12,3e-12
341,Tb-150m,5.8m,M,0.005,3.9E-11,5E-04,2.8e-11,1.4e-11,8.8e-12,5.4e-12,4.3e-12
342,Tb-152,17.5h,M,0.005,3.0E-09,5E-04,2e-09,9.7e-10,6.2e-10,3.7e-10,3e-10
343,Tb-152m,4.2m,M,0.005,5.3E-11,5E-04,3.3e-11,1.5e-11,1e-11,6.4e-12,5.5e-12
344,Tb-162,7.60m,M,0.005,9.6E-11,5E-04,5.7e-11,2.6e-11,1.7e-11,1.1e-11,9.7e-12
345,Tb-163,19.5m,M,0.005,1.6E-10,5E-04,9.7e-11,4.5e-11,3e-11,2e-11,1.7e-11
346,Tb-164,3.0m,M,0.005,5.8E-11,5E-04,3.5e-11,1.6e-11,1.1e-11,6.8e-12,5.8e-12
347,Tb-165,2.11m,M,0.005,5.1E-11,5E-04,3e-11,1.4e-11,9.1e-12,5.9e-12,5.2e-12
348,Dy-149,4.20 m,M,0.005,3.4E-10,5E-04,2.2e-10,1.4e-10,9.6e-11,8.3e-11,7.1e-11
349,Dy-150,7.17 m,M,0.005,1.6E-09,5E-04,1.1e-09,6.9e-10,4.8e-10,4.3e-10,3.6e-10
350,Dy-151,17.9 m,M,0.005,6.1E-10,5E-04,4e-10,2.6e-10,1.8e-10,1.5e-10,1.3e-10
351,Dy-152,2.38 h,M,0.005,5.2E-10,5E-04,3.5e-10,1.8e-10,1.1e-10,7.2e-11,5.9e-11
352,Dy-153,6.4 h,M,0.005,1.0E-09,5E-04,6.8e-10,3.5e-10,2.3e-10,1.6e-10,1.3e-10
353,Dy-154,3.0E+6 y,M,0.005,3.0E-05,5E-04,2.8e-05,1.8e-05,1.2e-05,1.1e-05,1.1e-05
354,Dy-165m,1.257 m,M,0.005,1.7E-11,5E-04,9.6e-12,4.3e-12,2.9e-12,1.9e-12,1.7e-12
355,Dy-167,6.20 m,M,0.005,1.1E-10,5E-04,6.3e-11,2.9e-11,1.9e-11,1.2e-11,1.1e-11
356,Dy-168,8.7 m,M,0.005,2.3E-10,5E-04,1.3e-10,5.8e-11,3.9e-11,2.5e-11,2.2e-11
357,Ho-152,2.69666 m,M,0.005,2.3E-10,5E-04,1.5e-10,9.8e-11,6.7e-11,6.1e-11,5.1e-11
358,Ho-153,2.02 m,M,0.005,2.4E-11,5E-04,1.5e-11,7.4e-12,4.8e-12,3.2e-12,2.7e-12
359,Ho-153m,9.3 m,M,0.005,1.4E-10,5E-04,8.5e-11,4.1e-11,2.7e-11,1.8e-11,1.5e-11
360,Ho-154,11.76 m,M,0.005,1.7E-10,5E-04,1e-10,4.6e-11,2.9e-11,1.8e-11,1.5e-11
361,Ho-154m,3.10 m,M,0.005,4.4E-11,5E-04,2.8e-11,1.3e-11,8.5e-12,5.3e-12,4.5e-12
362,Ho-156,56 m,M,0.005,5.7E-10,5E-04,3.4e-10,1.6e-10,1e-10,6.6e-11,5.5e-11
363,Ho-158,11.3 m,M,0.005,6.6E-11,5E-04,4.6e-11,2.3e-11,1.5e-11,9.5e-12,7.8e-12
364,Ho-160,25.6 m,M,0.005,1.1E-10,5E-04,7.7e-11,4e-11,2.5e-11,1.6e-11,1.3e-11
365,Ho-163,4570 y,M,0.005,8.8E-10,5E-04,7.5e-10,4.8e-10,3.3e-10,2.5e-10,2.6e-10
366,Ho-168,2.99 m,M,0.005,4.3E-11,5E-04,2.6e-11,1.2e-11,7.7e-12,4.9e-12,4.3e-12
367,Ho-168m,2.2 m,M,0.005,3.2E-11,SE-04,1.9e-11,8.6e-12,5.7e-12,3.7e-12,3.2e-12
368,Ho-170,2.76 m,M,0.005,4.9E-11,5E-04,3e-11,1.4e-11,9.3e-12,6e-12,5.1e-12
369,Er,5.3 m,M,0.005,6.9E-11,5E-04,4.2e-11,2e-11,1.3e-11,8.4e-12,7.1e-12
370,Er-156,19.5 m,M,0.005,2.0E-10,5E-04,1.1e-10,5.6e-11,3.6e-11,2.4e-11,1.9e-11
371,Er,36 m,M,0.005,1.5E-10,5E-04,9.9e-11,5e-11,3.2e-11,2.1e-11,1.7e-11
372,Er,75.0 m,M,0.005,1.2E-11,5E-04,8e-12,4e-12,2.5e-12,1.5e-12,1.2e-12
373,Tm-159,9.13 m,M,0.005,1.1E-10,5E-04,6.4e-11,3.1e-11,2e-11,1.3e-11,1.1e-11
374,Tm-163,1.810 h,M,0.005,3.0E-10,5E-04,2.1e-10,1.1e-10,7e-11,4.5e-11,3.7e-11
375,Tm-164,2.0 m,M,0.005,2.2E-11,5E-04,9.6e-12,4.4e-12,2.9e-12,1.8e-12,1.6e-12
376,Tm-165,30.06 h,M,0.005,1.8E-09,5E-04,1.2e-09,6.1e-10,4e-10,2.7e-10,2.2e-10
377,Tm-168,93.1 d,M,0.005,2.2E-08,5E-04,1.6e-08,9.8e-09,6.7e-09,5.5e-09,4.5e-09
378,Yb-163,11.05 m,M,0.005,7.7E-11,5E-04,4.9e-11,2.4e-11,1.5e-11,9.8e-12,8.1e-12
379,Yb,S,0.005,7.9E-11,5E-04,5.1E-11,2.5e-11,1.6e-11,1e-11,8.4e-12,
380,Yb-164,75.8 m,M,0.005,4.4E-10,SE-04,2.6e-10,1.2e-10,7.7e-11,4.9e-11,4.1e-11
381,Yb,S,0.005,4.5E-10,SE-04,2.7E-10,1.3e-10,8e-11,5.2e-11,4.3e-11,
382,Yb-165,9.9 m,M,0.005,4.1E-11,5E-04,2.6e-11,1.3e-11,8.4e-12,5.9e-12,4.8e-12
383,Yb,S,0.005,4.3E-11,SE-04,2.6E-11,1.3e-11,8.7e-12,6.1e-12,5e-12,
384,Lu-164,3.14 m,M,0.005,7.4E-11,SE-04,4.3e-11,2e-11,1.3e-11,8.1e-12,6.9e-12
385,Lu-164,S,0.005,7.5E-11,SE-04,4.4E-11,2e-11,1.3e-11,8.3e-12,7.1e-12,
386,Lu-165,10.74 m,M,0.005,1.3E-10,5E-04,7.8e-11,3.7e-11,2.4e-11,1.6e-11,1.4e-11
387,Lu-165,S,0.005,1.3E-10,5E-04,8.0E-11,3.9e-11,2.5e-11,1.7e-11,1.4e-11,
388,Lu-166,2.65 m,M,0.005,4.4E-11,5E-04,2.9e-11,1.4e-11,9e-12,5.7e-12,4.9e-12
389,Lu-166,S,0.005,4.5E-11,5E-04,2.9E-11,1.4e-11,9.1e-12,5.9e-12,5e-12,
390,Lu-166m,1.41 m,M,0.005,2.3E-11,5E-04,1.5e-11,7e-12,4.6e-12,2.9e-12,2.5e-12
391,Lu-166m,S,0.005,2.3E-11,SE-04,1.5E-11,7.1e-12,4.6e-12,3e-12,2.5e-12,
392,Lu-167,51.5 m,M,0.005,3.0E-10,5E-04,2e-10,1e-10,6.6e-11,4.6e-11,3.7e-11
393,Lu-167,S,0.005,3.2E-10,SE-04,2.1E-10,1.1e-10,6.9e-11,4.8e-11,3.9e-11,
394,Lu-168m,6.7 m,M,0.005,6.1E-11,5E-04,4.1e-11,2e-11,1.3e-11,8.4e-12,6.9e-12
395,Lu-168m,S,0.005,6.2E-11,5E-04,4.2E-11,2.1e-11,1.3e-11,8.6e-12,7.1e-12,
396,Lu-169m,2.66666 m,M,0.005,4.2E-12,5E-04,2.9e-12,1.5e-12,1e-12,7e-13,5.6e-13
397,Lu-169m,S,0.005,4.4E-12,5E-04,3.0E-12,1.6e-12,1.1e-12,7.5e-13,6.1e-13,
398,Lu-171m,1.31666m,M,0.005,2.4E-12,5E-04,1.5e-12,8.2e-13,5.7e-13,4.6e-13,3.8e-13
399,Lu-171m,1.31666m,S,0.005,2.4E-12,5E-04,1.5e-12,8.4e-13,5.9e-13,4.8e-13,3.9e-13
400,Lu-172m,3.7m,M,0.005,4.8E-12,5E-04,3.1e-12,1.8e-12,1.2e-12,9.1e-13,7.4e-13
401,Lu-172m,3.7m,S,0.005,5.0E-12,5E-04,3.3e-12,1.9e-12,1.3e-12,9.8e-13,7.9e-13
402,Hf-167,2.05m,F,0.02,1.9E-11,0.002,1.2e-11,5.6e-12,3.6e-12,2.2e-12,1.8e-12
403,Hf-167,2.05m,M,0.02,2.5E-11,0.002,1.5e-11,7.6e-12,4.9e-12,3.2e-12,2.7e-12
404,Hf-169,3.24m,F,0.02,1.2E-11,0.002,8.1e-12,4e-12,2.5e-12,1.5e-12,1.3e-12
405,Hf-169,3.24m,M,0.02,1.5E-11,0.002,9.9e-12,5e-12,3.2e-12,2.1e-12,1.7e-12
406,Hf-174,2.0E+15y,F,0.02,7.7E-05,0.002,7.1e-05,4.7e-05,3.6e-05,3.1e-05,3.1e-05
407,Hf-174,2.0E+15y,M,0.02,2.9E-05,0.002,2.6e-05,1.8e-05,1.4e-05,1.3e-05,1.3e-05
408,Ta-170,6.76m,M,0.01,1.4E-10,0.001,8.2e-11,3.8e-11,2.5e-11,1.6e-11,1.3e-11
409,Ta-170,6.76m,S,0.01,1.5E-10,0.001,8.4e-11,3.9e-11,2.5e-11,1.6e-11,1.4e-11
410,Ta-178,9.31m,M,0.01,1.4E-11,0.001,8.5e-12,4.1e-12,2.7e-12,1.9e-12,1.6e-12
411,Ta-178,9.31m,S,0.01,1.4E-11,0.001,8.8e-12,4.2e-12,2.8e-12,2e-12,1.7e-12
412,W-179m,6.40m,F,0.6,4.9E-11,0.3,2.9e-11,1.3e-11,8.6e-12,5.4e-12,4.8e-12
413,W-185m,1.597m,F,0.6,1.7E-11,0.3,9.9e-12,4.4e-12,3e-12,2e-12,1.8e-12
414,W-190,30.0m,F,0.6,4.1E-10,0.3,2.3e-10,1e-10,6.8e-11,4.2e-11,3.6e-11
415,Re-179,19.5m,F,1,8.9E-11,0.8,5.7e-11,2.7e-11,1.7e-11,1e-11,8.4e-12
416,Re-179,19.5m,M,1,1.1E-10,0.8,7.1e-11,3.5e-11,2.2e-11,1.5e-11,1.2e-11
417,Re-180,2.44m,F,1,1.8E-11,0.8,1.2e-11,5.5e-12,3.6e-12,2.3e-12,1.9e-12
418,Re-180,2.44m,M,1,2.0E-11,0.8,1.3e-11,6.2e-12,4.1e-12,2.6e-12,2.2e-12
419,Re-183,70.0d,F,1,5.3E-09,0.8,2.8e-09,1.7e-09,7.2e-10,4.4e-10,3.7e-10
420,Re-183,70.0d,M,1,1.6E-08,0.8,1e-08,5.4e-09,4e-09,3.4e-09,2.8e-09
421,Re-190,3.1m,F,1,4.3E-11,0.8,2.7e-11,1.2e-11,7.9e-12,4.9e-12,4.3e-12
422,Re-190,3.1m,M,1,5.1E-11,0.8,3.1e-11,1.4e-11,9.3e-12,5.8e-12,5.1e-12
423,Os-177,2.8m,F,0.02,3.4E-11,0.01,2.1e-11,9.8e-12,6.2e-12,3.9e-12,3.3e-12
424,Os-177,2.8m,M,0.02,4.6E-11,0.01,2.8e-11,1.3e-11,8.6e-12,5.7e-12,4.8e-12
425,Os-177,2.8m,S,0.02,4.7E-11,0.01,2.9e-11,1.4e-11,8.9e-12,5.9e-12,4.9e-12
426,Os-179,6.5m,F,0.02,1.7E-10,0.01,1e-10,4.8e-11,2.7e-11,1.6e-11,1.3e-11
427,Os-179,6.5m,M,0.02,2.2E-10,0.01,1.3e-10,6.2e-11,3.6e-11,2.2e-11,1.8e-11
428,Os-179,6.5m,S,0.02,2.3E-10,0.01,1.4e-10,6.3e-11,3.7e-11,2.3e-11,1.9e-11
429,Os-183,13.0h,F,0.02,8.0E-10,0.01,5.4e-10,2.7e-10,1.6e-10,9.4e-11,7.6e-11
430,Os-183,13.0h,M,0.02,1.3E-09,0.01,8.9e-10,4.6e-10,3.1e-10,2.1e-10,1.7e-10
431,Os-183,13.0h,S,0.02,1.4E-09,0.01,9.3e-10,4.9e-10,3.3e-10,2.3e-10,1.9e-10
432,Os-183m,9.9 h,F,0.02,7.5E-10,0.01,5.5e-10,2.8e-10,1.7E-10,9.9E-11,8.OE-11
433,Os-183m,9.9 h,M,0.02,1.1E-09,0.01,7.6e-10,4e-10,2.6E-10,1.7E-10,1.4E-10
434,Os-183m,9.9 h,S,0.02,1.1E-09,0.01,8e-10,4.2e-10,2.7E-10,1.8E-10,1.5E-10
435,Os-186,2.0E+15 y,F,0.02,6.1E-06,0.01,4.5e-06,2.2e-06,1.4E-06,8.4E-07,7.3E-07
436,Os-186,2.0E+15 y,M,0.02,7.1E-06,0.01,5.1e-06,3e-06,1.9E-06,1.4E-06,1.2E-06
437,Os-186,2.0E+15 y,S,0.02,1.6E-05,0.01,1.4e-05,8.5e-06,5.3E-06,4.4E-06,4.21E-06
438,Os-190m,9.9 m,F,0.02,4.8E-11,0.01,3.3e-11,1.6e-11,1.OE-11,6.3E-12,5.2E-12
439,Os-190m,9.9 m,M,0.02,6.3E-11,0.01,4.2e-11,2.1e-11,1.3E-11,8.4E-12,6.9E-12
440,Os-190m,9.9 m,S,0.02,6.8E-11,0.01,4.4e-11,2.1e-11,1.4E-11,8.6E-12,7.1E-12
441,Os-196,34.9 m,F,0.02,3.7E-10,0.01,1.9e-10,8.4e-11,5.3E-11,3.2E-11,2.7E-11
442,Os-196,34.9 m,M,0.02,6.2E-10,0.01,3.3e-10,1.5e-10,9.7E-11,6.3E-11,5.3E-11
443,Os-196,34.9 m,S,0.02,6.5E-10,0.01,3.4e-10,1.5e-10,1.OE-10,6.6E-11,5.6E-11
444,Ir-179,1.31666 m,F,0.02,4.8E-11,0.01,2.9e-11,1.3e-11,7.8E-12,4.7E-12,3.9E-12
445,Ir-179,1.31666 m,M,0.02,6.1E-11,0.01,3.6e-11,1.7e-11,1.OE-11,6.2E-12,5.1E-12
446,Ir-179,1.31666 m,S,0.02,6.2E-11,0.01,3.7e-11,1.7e-11,1.OE-11,6.4E-12,5.3E-12
447,Ir-180,1.5 m,F,0.02,1.8E-11,0.01,1.2e-11,5.8e-12,3.5E-12,2.2E-12,1.9E-12
448,Ir-180,1.5 m,M,0.02,2.3E-11,0.01,1.4e-11,6.8e-12,4.5E-12,2.91E-12,2.4E-12
449,Ir-180,1.5 m,S,0.02,2.3E-11,0.01,1.5e-11,7e-12,4.6E-12,3.OE-12,2.5E-12
450,Ir-181,4.90 m,F,0.02,4.4E-11,0.01,2.8e-11,1.3e-11,8.5E-12,5.3E-12,4.4E-12
451,Ir-181,4.90 m,M,0.02,5.9E-11,0.01,3.7e-11,1.8e-11,1.2E-11,7.7E-12,6.4E-12
452,Ir-181,4.90 m,S,0.02,6.0E-11,0.01,3.8e-11,1.9e-11,1.2E-11,8.OE-12,6.6E-12
453,Ir-183,58 m,F,0.02,2.2E-10,0.01,1.5e-10,7.3e-11,4.5E-11,2.7E-11,2.2E-11
454,Ir-183,58 m,M,0.02,3.2E-10,0.01,2.1e-10,1.1e-10,7.1E-11,4.7E-11,3.8E-11
455,Ir-183,58 m,S,0.02,3.3E-10,0.01,2.2e-10,1.1e-10,7.4E-11,5.OE-11,4.OE-11
456,Ir-196m,1.40 h,F,0.02,5.1E-10,0.01,3.4e-10,1.6e-10,1.OE-10,6.1E-11,5.0e-11
457,Ir-196m,1.40 h,M,0.02,8.0E-10,0.01,5.1e-10,2.5e-10,1.7E-10,1.1E-10,9.1E-11
458,Ir-196m,1.40 h,S,0.02,8.3E-10,0.01,5.3e-10,2.7e-10,1.7E-10,1.2E-10,9.6e-11
459,Pt-183,6.5 m,F,0.02,7.4E-11,0.01,4.6e-11,2.2e-11,1.4E-11,8.4E-12,7.1E-12
460,Pt-184,17.3 m,F,0.02,1.4E-10,0.01,9.2e-11,4.4e-11,2.8E-11,1.7E-11,1.4E-11
461,Pt-187,2.35 h,F,0.02,3.3E-10,0.01,2.2e-10,1e-10,6.5E-11,3.7E-11,3.1E-11
462,Pt-190,6.5E+11 y,F,0.02,1.0E-06,0.01,6.6e-07,3.2e-07,2.0e-07,1.3e-07,1.1e-07
463,Pt-202,44 h,F,0.02,1.3E-08,0.01,7.2e-09,3.1e-09,1.9E-09,9.7E-10,8.2E-10
464,Au-186,10.7 m,F,0.2,1.5E-10,0.1,9.1e-11,4.3e-11,2.7e-11,1.6e-11,1.3e-11
465,Au-186,10.7 m,M,0.2,2.1E-10,0.1,1.3e-10,5.9e-11,3.8e-11,2.4e-11,2e-11
466,Au-186,10.7 m,S,0.2,2.2E-10,0.1,1.3e-10,6.1e-11,3.9e-11,2.4e-11,2e-11
467,Au-187,8.4m,F,0.2,4.5E-11,0.1,3e-11,1.5e-11,9.1e-12,5.5e-12,4.5e-12
468,Au-187,8.4m,M,0.2,6.6E-11,0.1,4.4e-11,2.2e-11,1.4e-11,9.3e-12,7.5e-12
469,Au-187,8.4m,S,0.2,6.9E-11,0.1,4.5e-11,2.3e-11,1.5e-11,9.7e-12,7.9e-12
470,Au-188,8.84m,F,0.2,6.9E-11,0.1,4.2e-11,2e-11,1.2e-11,7.6e-12,6.3e-12
471,Au-188,8.84m,M,0.2,9.5E-11,0.1,5.8e-11,2.7e-11,1.7e-11,1.1e-11,9.3e-12
472,Au-188,8.84m,S,0.2,9.8E-11,0.1,5.9e-11,2.8e-11,1.8e-11,1.2e-11,9.7e-12
473,Au-189m,4.59m,F,0.2,2.4E-11,0.1,1.5e-11,6.9e-12,4.5e-12,2.8e-12,2.4e-12
474,Au-189m,4.59m,M,0.2,3.4E-11,0.1,2.1e-11,9.8e-12,6.6e-12,4.4e-12,3.7e-12
475,Au-189m,4.59m,S,0.2,3.5E-11,0.1,2.2e-11,1e-11,6.8e-12,4.5e-12,3.9e-12
476,Au-190,42.8m,F,0.2,1.7E-10,0.1,1.2e-10,5.9e-11,3.6e-11,2.1e-11,1.7e-11
477,Au-190,42.8m,M,0.2,2.4E-10,0.1,1.6e-10,7.8e-11,4.9e-11,3e-11,2.5e-11
478,Au-190,42.8m,S,0.2,2.5E-10,0.1,1.6e-10,8.1e-11,5.1e-11,3.1e-11,2.5e-11
479,Au-191,3.18h,F,0.2,2.8E-10,0.1,1.9e-10,9.4e-11,5.8e-11,3.3e-11,2.7e-11
480,Au-191,3.18h,M,0.2,4.9E-10,0.1,3.3e-10,1.7e-10,1.1e-10,7.9e-11,6.4e-11
481,Au-191,3.18h,S,0.2,5.2E-10,0.1,3.5e-10,1.8e-10,1.2e-10,8.5e-11,6.8e-11
482,Au-192,4.94h,F,0.2,6.1E-10,0.1,4.6e-10,2.3e-10,1.4e-10,8.3e-11,6.7e-11
483,Au-192,4.94h,M,0.2,8.1E-10,0.1,5.9e-10,3e-10,1.9e-10,1.2e-10,9.2e-11
484,Au-192,4.94h,S,0.2,8.3E-10,0.1,6.1e-10,3.1e-10,2e-10,1.2e-10,9.5e-11
485,Au-196,6.183d,F,0.2,1.6E-09,0.1,1e-09,5e-10,3.1e-10,1.7e-10,1.4e-10
486,Au-196,6.183d,M,0.2,3.9E-09,0.1,2.6e-09,1.4e-09,9.9e-10,7.7e-10,6.1e-10
487,Au-196,6.183d,S,0.2,4.2E-09,0.1,2.9e-09,1.6e-09,1.1e-09,8.6e-10,6.8e-10
488,Au-196m,9.6h,F,0.2,1.4E-09,0.1,8.6e-10,3.8e-10,2.4e-10,1.3e-10,1.1e-10
489,Au-196m,9.6h,M,0.2,3.2E-09,0.1,2.1e-09,1.1e-09,7.2e-10,5.4e-10,4.3e-10
490,Au-196m,9.6h,S,0.2,3.4E-09,0.1,2.2e-09,1.1e-09,7.4e-10,5.9e-10,4.7e-10
491,Hg-187,2.2m,F,0.04,3.5E-11,0.02,2.2e-11,1e-11,6.5e-12,4.1e-12,3.6e-12
492,Hg-187,2.2m,M,0.04,4.2E-11,0.02,2.6e-11,1.2e-11,7.8e-12,5e-12,4.3e-12
493,Hg-187m,2.4m,F,0.04,4.0E-11,0.02,2.5e-11,1.1e-11,7.5e-12,4.8e-12,4.1e-12
494,Hg-187m,2.4m,M,0.04,4.7E-11,0.02,2.9e-11,1.4e-11,9e-12,5.8e-12,4.9e-12
495,Hg-188,3.25m,F,0.04,3.1E-11,0.02,1.9e-11,9e-12,5.6e-12,3.4e-12,2.9e-12
496,Hg-188,3.25m,M,0.04,4.3E-11,0.02,2.6e-11,1.2e-11,7.9e-12,5.1e-12,4.2e-12
497,Hg-190,20.0m,F,0.04,9.4E-11,0.02,6.3e-11,3.1e-11,1.9e-11,1.1e-11,9.2e-12
498,Hg-190,20.0m,M,0.04,1.4E-10,0.02,8.9e-11,4.4e-11,2.8e-11,1.8e-11,1.4e-11
499,Hg-190,20.0 m,F,0.8,9.1E-11,0.4,6.3e-11,3.1e-11,1.9e-11,1.1e-11,9.1e-12
500,Hg-191m,50.8 m,F,0.04,2.3E-10,0.02,1.6e-10,7.7e-11,4.7e-11,2.8e-11,2.3e-11
501,Hg-191m,50.8 m,M,0.04,3.5E-10,0.02,2.3e-10,1.2e-10,7.6e-11,5.1e-11,4.1e-11
502,Hg-191m,50.8 m,F,0.8,2.1E-10,0.4,1.5e-10,7.5e-11,4.6e-11,2.7e-11,2.2e-11
503,Hg-192,4.85h,F,0.04,7.3E-10,0.02,5.2e-10,2.6e-10,1.6e-10,9.1e-11,7.4e-11
504,Hg-192,4.85h,M,0.04,1.1E-09,0.02,7.4e-10,3.8e-10,2.4e-10,1.5e-10,1.2e-10
505,Hg-192,4.85h,F,0.8,5.7E-10,0.4,4.8e-10,2.4e-10,1.5e-10,8.3e-11,6.7e-11
506,Hg-205,5.2 m,F,0.04,4.0E-11,0.02,2.3e-11,9.8e-12,6.6e-12,4.2e-12,3.7e-12
507,Hg-205,5.2 m,M,0.04,5.2E-11,0.02,2.9e-11,1.3e-11,8.6e-12,5.5e-12,4.9e-12
508,Hg-205,5.2 m,F,0.8,4.1E-11,0.4,2.3e-11,9.8e-12,6.6e-12,4.2e-12,3.7e-12
509,Hg-206,8.15 m,F,0.04,1.0E-10,0.02,5.6e-11,2.4e-11,1.6e-11,1e-11,8.9e-12
510,Hg-206,8.15 m,M,0.04,1.5E-10,0.02,8.3e-11,3.7e-11,2.5e-11,1.6e-11,1.4e-11
511,Hg-206,8.15 m,F,0.8,1.0E-10,0.4,5.6e-11,2.4e-11,1.6e-11,1e-11,8.9e-12
512,Tl-190,2.6 m,F,1,4.0E-11,1,2.5e-11,1.2e-11,7.3e-12,4.5e-12,3.8e-12
513,Tl-190m,3.7 m,F,1,4.9E-11,1,3.3e-11,1.6e-11,9.9e-12,6e-12,4.9e-12
514,Tl-196,1.84 h,F,1,2.7E-10,1,2e-10,1e-10,6e-11,3.5e-11,2.8e-11
515,Tl-206,4.199 m,F,1,3.4E-11,1,1.9e-11,8.3e-12,5.6e-12,3.5e-12,3.2e-12
516,Tl-206m,3.74 m,F,1,6.2E-11,1,3.8e-11,1.8e-11,1.1e-11,7.1e-12,6e-12
517,Tl-207,4.77 m,F,1,3.7E-11,1,2.1e-11,8.9e-12,6e-12,3.8e-12,3.4e-12
518,Tl-208,3.053 m,F,1,4.3E-11,1,2.8e-11,1.3e-11,8.6e-12,5.3e-12,4.5e-12
519,Tl-209,2.161 m,F,1,3.1E-11,1,2e-11,9.2e-12,5.9e-12,3.7e-12,3.2e-12
520,Tl-210,1.30 m,F,1,2.5E-11,1,1.6e-11,7.6e-12,5e-12,3.1e-12,2.7e-12
521,Pb-194,12.0 m,F,0.6,8.9E-11,0.2,5.6e-11,2.6e-11,1.6e-11,9.7e-12,8e-12
522,Pb-194,12.0 m,M,0.2,1.3E-10,0.1,8e-11,3.8e-11,2.4e-11,1.5e-11,1.3e-11
523,Pb-194,12.0 m,S,0.02,1.4E-10,0.01,8.3e-11,3.9e-11,2.5e-11,1.6e-11,1.3e-11
524,Pb-196,37 m,F,0.6,1.5E-10,0.2,1.1e-10,5.3e-11,3.2e-11,1.9e-11,1.6e-11
525,Pb-196,37 m,M,0.2,2.2E-10,0.1,1.5e-10,7.3e-11,4.6e-11,3e-11,2.4e-11
526,Pb-196,37 m,S,0.02,2.3E-10,0.01,1.5e-10,7.5e-11,4.8e-11,3.1e-11,2.5e-11
527,Pb-197,8 m,F,0.6,3.2E-11,0.2,2.4e-11,1.2e-11,7.2e-12,4.3E-12,3.5E-12
528,Pb-197,8 m,M,0.2,4.3E-11,0.1,3e-11,1.6e-11,9.8e-12,6.4E-12,5.1E-12
529,Pb-197,8 m,S,0.02,4.4E-11,0.01,3.1e-11,1.6e-11,1e-11,6.6E-12,5.3E-12
530,Pb-197m,43 m,F,0.6,2.4E-10,0.2,1.6e-10,7.6e-11,4.7e-11,2.8E-11,2.4E11
531,Pb-197m,43 m,M,0.2,3.8E-10,0.1,2.5e-10,1.2e-10,8e-11,5.5E-11,4.5E-11
532,Pb-197m,43 m,S,0.02,4.0E-10,0.01,2.6e-10,1.3e-10,8.3e-11,5.8E-11,4.7E-11
533,Pb-204m,67.2 m,F,0.6,1.9E-10,0.2,1.4e-10,7.4e-11,4.5e-11,2.7E-11,2.2E-11
534,Pb-204m,67.2 m,M,0.2,2.5E-10,0.1,1.8e-10,9.4e-11,5.8e-11,3.6E-11,2.8E-11
535,Pb-204m,67.2 m,S,0.02,2.6E-10,0.01,1.9e-10,9.6e-11,6e-11,3.E-11,2.9E-11
536,Bi-197,9.33 m,F,0.1,9.7E-11,0.05,6.4e-11,3.1e-11,1.9e-11,1.2E-11,9.6E-12
537,Bi-197,9.33 m,M,0.1,1.3E-10,0.05,8.6e-11,4.3e-11,2.7e-11,1.8E-11,1.4E-11
538,Bi-204,11.22 h,F,0.1,2.2E-09,0.05,1.6e-09,8.6e-10,5.3e-10,3.E-10,2.5E-10
539,Bi-204,11.22 h,M,0.1,2.8E-09,0.05,2e-09,1e-09,6.7e-10,4.1E-10,3.3E-10
540,Bi-208,3.68E+5 y,F,0.1,4.5E-09,0.05,3.3e-09,1.8e-09,1.1e-09,6.8e-10,5.6e-10
541,Bi-208,3.68E+5 y,M,0.1,2.0E-08,0.05,1.7e-08,1e-08,7e-09,5.5e-09,4.6e-09
542,Bi-211,2.14 m,F,0.1,7.5E-09,0.05,4.6e-09,2.3e-09,1.6e-09,1.2e-09,1.1e-09
543,Bi-211,2.14 m,M,0.1,8.6E-09,0.05,5.3e-09,2.6e-09,1.9e-09,1.5e-09,1.2e-09
544,Bi-215,7.6 m,F,0.1,3.8E-08,0.05,2.3e-08,1.1e-08,7.5e-09,5.41E-09,4.7E-09
545,Bi-215,7.6 m,M,0.1,6.0E-08,0.05,3.7e-08,1.8e-08,1.3e-08,1.OE-08,8.71E-09
546,Po-204,3.53 h,F,0.2,1.3E-09,0.1,9e-10,4.5e-10,2.8e-10,1.7E-10,1.4E-10
547,Po-204,3.53 h,M,0.2,2.6E-09,0.1,1.8e-09,1e-09,6.6e-10,4.9E-10,4.OE-10
548,Po-204,3.53 h,S,0.02,2.8E-09,0.01,1.9e-09,1.1e-09,7e-10,5.3E-10,4.3E-10
549,Po-208,8.8 d,F,0.2,1.2E-07,0.1,6.3e-08,2.9e-08,1.7e-08,1.0E08,8.3E-09
550,Po-208,8.8 d,M,0.2,2.7E-07,0.1,1.8e-07,1.1e-07,7.8e-08,7.OE-O8,5.8E-08
551,Po-208,8.8 d,S,0.02,2.9E-07,0.01,1.9e-07,1.2e-07,8.7e-08,7.9E-08,6.5E-08
552,Po-208,2.898 y,F,0.2,1.0E-05,0.1,5.9e-06,2.7e-06,1.6e-06,9.5E-07,7.6E-07
553,Po-208,2.898 y,M,0.2,2.0E-05,0.1,1.3e-05,7.9e-06,5.4e-06,4.5E-06,3.81E-06
554,Po-208,2.898 y,S,0.02,3.2E-05,0.01,2.5e-05,1.4e-05,9.9e-06,7.8E-06,6.9E-06
555,Po-209,102 y,F,0.2,1.0E-05,0.1,5.9e-06,2.7e-06,1.6e-06,9.5E-07,7.6E-07
556,Po-209,102 y,M,0.2,2.0E-05,0.1,1.3e-05,7.8e-06,5.3e-06,4.3E-06,3.E-06
557,Po-209,102 y,S,0.02,3.9E-05,0.01,3.2e-05,1.8e-05,1.3e-05,1.OE-05,9.71E-06
558,Po-218,3.10 m,F,0.2,6.6E-09,0.1,4.1e-09,2.2e-09,1.6e-09,1.2E-09,9.7E-10
559,Po-218,3.10 m,M,0.2,1.3E-08,0.1,8.2e-09,4.6e-09,3.3e-09,2.81E-09,2.3E-09
560,Po-218,3.10 m,S,0.02,1.3E-08,0.01,8.7e-09,4.8e-09,3.5e-09,3.OE-09,2.4E-09
561,At-205,26.2 m,F,1,1.5E-09,1,9.5e-10,5e-10,3.4e-10,2.9E-10,2.3E-10
562,At-205,26.2 m,M,1,3.2E-09,1,2.1e-09,1.3e-09,9.1e-10,8.4E-10,6.8E-10
563,At-208,1.63 h,F,1,6.2E-10,1.0,4.3e-10,2.2e-10,1.3E-10,8.4E-11,6.8E-11
564,At-208,1.63 h,M,1,2.2E-09,1.0,1.5e-09,8.9e-10,6.OE-10,4.9E-10,4.1E-10
565,At-209,5.41 h,F,1,4.8E-09,1.0,3.5e-09,2e-09,1.3E-09,9.6E-10,8.4E-10
566,At-209,5.41 h,M,1,1.3E-08,1.0,8.5e-09,5.5e-09,4.0E-09,3.5E-09,3.OE-09
567,At-210,8.1 h,F,1,3.8E-08,1.0,2.7e-08,1.2e-08,7.3E-09,4.1E-09,3.6E-09
568,At-210,8.1 h,M,1,6.5E-08,1.0,4.8e-08,2.4e-08,1.6E-08,1.2E-08,1.OE-08
569,Fr-212,20.0 m,F,1,1.4E-08,1.0,8.9e-09,4.5e-09,3.2E-09,2.5E-09,2.1E-09
570,Fr-221,4.9 m,F,1,3.8E-08,1.0,2.3e-08,1.1e-08,7.9E-09,5.9E-09,5.OE-09
571,Ra-230,93 m,F,0.6,6.8E-10,0.2,4.3e-10,1.9e-10,1.1E-10,5.9E-11,6.1E11
572,Ra-230,93 m,M,0.2,1.1E-09,0.1,6.4e-10,3e-10,2.OE-1O,1.3E-10,1.1E-10
573,Ra-230,93 m,S,0.02,1.2E-09,0.01,6.6e-10,3.1e-10,2.OE-10,1.3E-10,1.1E-10
574,Ac-223,2.10 m,F,0.005,4.7E-08,0.0005,2.8e-08,1.3e-08,9.5E-09,6.8E-09,5.9E-09
575,Ac-223,2.10 m,M,0.005,5.5E-08,0.0005,3.3e-08,1.6e-08,1.1E-08,8.1 E-09,7.OE-O9
576,Ac-223,2.10 m,S,0.005,5.6E-08,0.0005,3.4e-08,1.6e-08,1.1E-08,8.2E-09,7.1E-09
577,Ac-229,62.7 m,F,0.005,1.9E-10,0.0005,1.1e-10,5.3e-11,4.OE-11,2.7E-11,2.5E-11
578,Ac-229,62.7 m,M,0.005,3.1E-10,0.0005,1.8e-10,8.4e-11,5.6E-11,4.1E-11,3.5E-11
579,Ac-229,62.7 m,S,0.005,3.2E-10,0.0005,1.8e-10,8.6e-11,5.7E-11,4.1E-11,3.4E-11
580,Ac-230,2.03333 m,F,0.005,2.3E-11,0.0005,1.4e-11,6.1e-12,4.OE-12,2.5E-12,2.2E-12
581,Ac-230,2.03333 m,M,0.005,2.6E-11,0.0005,1.5e-11,6.9e-12,4.6E-12,2.9E-12,2.6E-12
582,Ac-230,2.03333 m,S,0.005,2.6E-11,0.0005,1.6e-11,7e-12,4.7E-12,2.9E-12,2.6E-12
583,Th-233,22.3 m,F,0.005,1.1E-10,0.0005,5.9e-11,2.6e-11,1.7E-11,1.OE-11,8.9E-12
584,Th-233,22.3 m,M,0.005,1.7E-10,0.0005,9.8e-11,4.3e-11,2.9E-11,2.OE-11,1.7E-11
585,Th-233,22.3 m,S,0.005,1.8E-10,0.0005,9.9e-11,5.5e-11,3.1E-11,2.2E-11,1.8E-11
586,Pa-229,1.50 d,M,0.005,2.6E-08,0.0005,1.8e-08,1.1e-08,8.5E-09 8.0E-09 6.4E-09
587,Pa-229,1.50 d,S,0.005,2.9E-08,0.0005,2.0e-08,1.3e-08,9.6E-09,9.1E-09,7.3E-09
588,Pa-234m,1.17 m,M,0.005,1.4E-11,0.0005,7.9e-12,3.5e-12,2.4E-12,1.5E-12,1.3E-12
589,Pa-234m,1.17 m,S,0.005,1.4E-11,0.0005,8.0e-12,3.5e-12,2.4E-12,1.5E-12,1.4E-12
590,Pa-236,9.1 m,M,0.005,1.2E-10,0.0005,7.1e-11,3.2e-11,2.1E-11,1.3E-11,1.2E-11
591,Pa-236,9.1 m,S,0.005,1.3E-10,0.0005,7.3e-11,3.3e-11,2.2E-11,1.4E-11,1.2E-11
592,U-228,9.1 m,F,0.04,1.9E-07,0.02,1.1e-07,5.3e-08,3.7E-08,2.7E-08,2.3E-08
593,U-228,9.1 m,M,0.04,2.7E-07,0.02,1.7e-07,8e-08,5.7E-08,4.2E-08,3.6E-08
594,U-228,9.1 m,S,0.02,2.8E-07,0.002,1.7e-07,8.3e-08,5.9E-08,4.4E-08,3.8E-08
595,Np-231,48.8 m,F,0.005,2.5E-09,5E-04,1.5e-09,6.8e-10,4.6e-10,3.1e-10,2.7e-10
596,Np-231,48.8 m,M,0.005,8.4E-09,5E-04,5e-09,3e-09,2.2e-09,2.1e-09,1.7e-09
597,Np-231,48.8 m,S,0.005,8.4E-09,5E-04,5.4e-09,3.3e-09,2.5e-09,2.3e-09,1.8e-09
598,Np-240m,7.22 m,F,0.005,6.1E-11,5E-04,3.5e-11,1.6e-11,1e-11,6.5e-12,5.7e-12
599,Np-240m,7.22 m,M,0.005,8.2E-11,5E-04,4.7e-11,2.1e-11,1.4e-11,8.9e-12,7.7e-12
600,Np-240m,7.22 m,S,0.005,8.4E-11,5E-04,4.8e-11,2.1e-11,1.4e-11,9.1e-12,7.9e-12
601,Np-241,13.9 m,F,0.005,9.1E-11,5E-04,5.6e-11,2.5e-11,1.8e-11,1.3e-11,1.1e-11
602,Np-241,13.9 m,M,0.005,1.2E-10,5E-04,7.1e-11,3.3e-11,2.3e-11,1.6e-11,1.4e-11
603,Np-241,13.9 m,S,0.005,1.3E-10,5E-04,7.2e-11,3.3e-11,2.2e-11,1.5e-11,1.3e-11
604,Pu-232,34.1 m,F,0.005,4.2E-08,5E-04,2.5e-08,1.2e-08,8.6e-09,6.2e-09,5.4e-09
605,Pu-232,34.1 m,M,0.005,1.1E-07,5E-04,6.8e-08,3.6e-08,2.6e-08,2.3e-08,1.8e-08
606,Pu-232,34.1 m,S,1E-04,1.1E-07,1E-05,7.1e-08,3.8e-08,2.8e-08,2.5e-08,2e-08
607,Am-247,23.0 m,F,0.005,1.6E-10,5E-04,9e-11,3.9e-11,2.6e-11,1.6e-11,1.4e-11
608,Am-247,23.0 m,M,0.005,2.6E-10,5E-04,1.5e-10,6.6e-11,4.5e-11,3e-11,2.6e-11
609,Am-247,23.0 m,S,0.005,2.7E-10,5E-04,1.5e-10,6.9e-11,4.7e-11,3.2e-11,2.7e-11
610,Cm-239,2.9 h,F,0.005,3.1E-10,5E-04,1.9e-10,9.1e-11,5.6e-11,3.2e-11,2.6e-11
611,Cm-239,2.9 h,M,0.005,5.5E-10,5E-04,3.4e-10,1.7e-10,1.1e-10,7.9e-11,6.3e-11
612,Cm-239,2.9 h,S,0.005,5.7E-10,5E-04,3.5e-10,1.8e-10,1.2e-10,8.4e-11,6.7e-11
613,Bk-244,4.35 h,M,0.005,3.7E-09,5E-04,3e-09,1.8e-09,1.3e-09,1.1e-09,1e-09
614,Bk-248m,23.7 h,M,0.005,7.2E-08,5E-04,5.5e-08,3.3e-08,2.3e-08,1.9e-08,1.6e-08
615,Bk-251,55.6 m,M,0.005,3.5E-10,5E-04,2.1e-10,9.9e-11,7e-11,5e-11,4.3e-11
616,Cf-247,3.11 h,M,0.005,2.4E-10,5E-04,1.6e-10,9.4e-11,6.5e-11,5.1e-11,4.4e-11
617,Cf-255,85 m,M,0.005,2.5E-08,5E-04,1.8e-08,1.1e-08,8e-09,7.2e-09,5.8e-09
618,Cf-256,12.3 m,M,0.005,2.3E-05,5E-04,1.3e-05,5.4e-06,3.6e-06,2e-06,1.9e-06
619,Es-249,102.2 m,M,0.005,1.2E-09,5E-04,8.1e-10,4.3e-10,3.2e-10,2.8e-10,2.4e-10
620,Es-255,39.8 d,M,0.005,1.7E-05,5E-04,1.2e-05,7.3e-06,5.3e-06,4.9e-06,3.9e-06
621,Es-258,25.4 m,M,0.005,2.0E-06,5E-04,1.2e-06,5.1e-07,3.4e-07,2.1e-07,1.9e-07
622,Fm-251,5.30 h,M,0.005,9.3E-09,5E-04,5.7e-09,3.4e-09,2.5e-09,2.3e-09,1.9e-09
623,Fm-256,157.6 m,M,0.005,4.0E-05,5E-04,2.3e-05,9.7e-06,6.5e-06,3.7e-06,3.5e-06
