HTO,12.3 a,1.0,6.4e-11,1.0,4.8e-11,3.1e-11,2.3e-11,1.8e-11,1.8e-11
OBT,12.3 a,1.0,1.2e-10,1.0,1.2e-10,7.3e-11,7.3e-11,4.2e-11,4.2e-11
Be-7,53.3 d,0.02,1.8e-10,0.005,1.3e-10,7.7e-11,5.3e-11,3.5e-11,2.8e-11
Be-10,1.60e6 a,0.02,1.4e-08,0.005,8e-09,4.1e-09,2.4e-–9,1.4e-09,1.1e-09
C-11,0.340 h,1.0,2.6e-10,1.0,1.5e-10,7.3e-11,4.3e–11,3e-11,2.4e-11
C-14,5.73e3 a,1.0,1.4e-09,1.0,1.6e-09,9.9e-10,8e-10,5.7e-10,5.8e-10
F-18,1.83 h,1.0,5.2e-10,1.0,3e-10,1.5e-10,9.1e-11,6.2e-11,4.9e-11
Na-22,2.60 a,1.0,2.1e-08,1.0,1.5e-08,8.4e-09,5.5e-09,3.7e-09,3.2e-09
Na-24,15.0 h,1.0,3.5e-09,1.0,2.3e-09,1.2e-09,7.7e-10,5.2e-10,4.3e-10
Mg-28,20.9 h,1.0,1.2e-08,0.5,1.4e-08,7.4e-09,4.5e-09,2.7e-09,2.2e-09
Al-26,716000 a,0.02,3.4e-08,0.01,2.1e-08,1.1e-08,7.1e-09,4.3e-09,3.5e-09
Si-31,2.62 h,0.02,1.9e-09,0.01,1e-09,5.1e-10,3e-10,1.8e-10,1.6e-10
Si-32,4.50e2 a,0.02,7.3e-09,0.01,4.1e-09,2e-09,1.2e-09,7e-10,5.6e-10
P-32,14.3 d,1.0,3.1e-08,0.8,1.9e-08,9.4e-09,5.3e-09,3.1e-09,2.4e-09
P-33,25.4 d,1.0,2.7e-09,0.8,1.8e-09,9.1e-10,5.3e-10,3.1e-10,2.4e-10
S-35,87.4 d,1.0,1.3e-09,1.0,8.7e-10,4.4e-10,2.7e-10,1.6e-10,1.3e-10
S-35_inorg,87.4 d,1.0,1.3e-09,1.0,8.7e-10,4.4e-10,2.7e-10,1.6e-10,1.3e-10
S-35_org,87.4 d,1.0,7.7e-09,1.0,5.4e-09,2.7e-09,1.6e-09,9.5e-10,7.7e-10
Cl-36,3.01e5 a,1.0,9.8e-09,1.0,6.3e-09,3.2e-09,1.9e-09,1.2e-09,9.3e-10
Cl-38,0.620 h,1.0,1.4e-09,1.0,7.7e-10,3.8e-10,2.2e-10,1.5e-10,1.2e-10
Cl-39,0.927 h,1.0,9.7e-10,1.0,5.5e-10,2.7e-10,1.6e-10,1.1e-10,8.5e-11
K-40,1.28e9 a,1.0,6.2e-08,1.0,4.2e-08,2.1e-08,1.3e-08,7.6e-09,6.2e-09
K-42,12.4 h,1.0,5.1e-09,1.0,3e-09,1.5e-09,8.6e-10,5.4e-10,4.3e-10
K-43,22.6 h,1.0,2.3e-09,1.0,1.4e-09,7.6e-10,4.7e-10,3e-10,2.5e-10
K-44,0.369 h,1.0,1e-09,1.0,5.5e-10,2.7e-10,1.6e-10,1.1e-10,8.4e-11
K-45,0.333 h,1.0,6.2e-10,1.0,3.5e-10,1.7e-10,9.9e-11,6.8e-11,5.4e-11
Ca-41,1.40e5 a,0.6,1.2e-09,0.3,5.2e-10,3.9e-10,4.8e-10,5e-10,1.9e-10
Ca-45,163 d,0.6,1.1e-08,0.3,4.9e-09,2.6e-09,1.8e-09,1.3e-09,7.1e-10
Ca-47,4.53 d,0.6,1.3e-08,0.3,9.3e-09,4.9e-09,3e-09,1.8e-09,1.6e-09
Sc-43,3.89 h,0.001,1.8e-09,0.0001,1.2e-09,6.1e-10,3.7e-10,2.3e-10,1.9e-10
Sc-44,3.93 h,0.001,3.5e-09,0.0001,2.2e-09,1.2e-09,7.1e-10,4.4e-10,3.5e-10
Sc-44m,2.44 d,0.001,2.4e-08,0.0001,1.6e-08,8.3e-09,5.1e-09,3.1e-09,2.4e-09
Sc-46,83.8 d,0.001,1.1e-08,0.0001,7.9e-09,4.4e-09,2.9e-09,1.8e-09,1.5e-09
Sc-47,3.35 d,0.001,6.1e-09,0.0001,3.9e-09,2e-09,1.2e-09,6.8e-10,5.4e-10
Sc-48,1.82 d,0.001,1.3e-08,0.0001,9.3e-09,5.1e-09,3.3e-09,2.1e-09,1.7e-09
Sc-49,0.956 h,0.001,1e-09,0.0001,5.7e-10,2.8e-10,1.6e-10,1e-10,8.2e-11
Ti-44,47.3 a,0.02,5.5e-08,0.01,3.1e-08,1.7e-08,1.1e-08,6.9e-09,5.8e-09
Ti-45,3.08 h,0.02,1.6e-09,0.01,9.8e-10,5e-10,3.1e-10,1.9e-10,1.5e-10
V-47,0.543 h,0.02,7.3e-10,0.01,4.1e-10,2e-10,1.2e-10,8e-11,6.3e-11
V-48,16.2 d,0.02,1.5e-08,0.01,1.1e-08,5.9e-09,3.9e-09,2.5e-09,2e-09
V-49,330 d,0.02,2.2e-10,0.01,1.4e-10,6.9e-11,4e-11,2.3e-11,1.8e-11
Cr-48,23.0 h,0.2,1.4e-09,0.1,9.9e-10,5.7e-10,3.8e-10,2.5e-10,2e-10
,,0.02,1.4e-09,0.01,9.9e-10,5.7e-10,3.8e-10,2.5e-10,2e-10
Cr-49,0.702 h,0.2,6.8e-10,0.1,3.9e-10,2e-10,1.1e-10,7.7e-11,6.1e-11
,,0.02,6.8e-10,0.01,3.9e-10,2e-10,1.1e-10,7.7e-11,6.1e-11
Cr-51,27.7 d,0.2,3.5e-10,0.1,2.3e-10,1.2e-10,7.8e-11,4.8e-11,3.8e-11
,,0.02,3.3e-10,0.01,2.2e-10,1.2e-10,7.5e-11,4.6e-11,3.7e-11
Mn-51,0.770 h,0.2,1.1e-09,0.1,6.1e-10,3e-10,1.8e-10,1.2e-10,9.3e-11
Mn-52,5.59 d,0.2,1.2e-08,0.1,8.8e-09,5.1e-09,3.4e-09,2.2e-09,1.8e-09
Mn-52m,0.352 h,0.2,7.8e-10,0.1,4.4e-10,2.2e-10,1.3e-10,8.8e-11,6.9e-11
Mn-53,3.70e6 a,0.2,4.1e-10,0.1,2.2e-10,1.1e-10,6.5e-11,3.7e-11,3e-11
Mn-54,312 d,0.2,5.4e-09,0.1,3.1e-09,1.9e-09,1.3e-09,8.7e-10,7.1e-10
Mn-56,2.58 h,0.2,2.7e-09,0.1,1.7e-09,8.5e-10,5.1e-10,3.2e-10,2.5e-10
Fe-52,8.28 h,0.6,1.3e-08,0.1,9.1e-09,4.6e-09,2.8e-09,1.7e-09,1.4e-09
Fe-55,2.70 a,0.6,7.6e-09,0.1,2.4e-09,1.7e-09,1.1e-09,7.7e-10,3.3e-10
Fe-59,44.5 d,0.6,3.9e-08,0.1,1.3e-08,7.5e-09,4.7e-09,3.1e-09,1.8e-09
Fe-60,1.00e5 a,0.6,7.9e-07,0.1,2.7e-07,2.7e-07,2.5e-07,2.3e-07,1.1e-07
Co-55,17.5 h,0.6,6e-09,0.1,5.5e-09,2.9e-09,1.8e-09,1.1e-09,1e-09
Co-56,78.7 d,0.6,2.5e-08,0.1,1.5e-08,8.8e-09,5.8e-09,3.8e-09,2.5e-09
Co-57,271 d,0.6,2.9e-09,0.1,1.6e-09,8.9e-10,5.8e-10,3.7e-10,2.1e-10
Co-58,70.8 d,0.6,7.3e-09,0.1,4.4e-09,2.6e-09,1.7e-09,1.1e-09,7.4e-10
Co-58m,9.15 h,0.6,2e-10,0.1,1.5e-10,7.8e-11,4.7e-11,2.8e-11,2.4e-11
Co-60,5.27 a,0.6,5.4e-08,0.1,2.7e-08,1.7e-08,1.1e-08,7.9e-09,3.4e-09
Co-60m,0.174 h,0.6,2.2e-11,0.1,1.2e-11,5.7e-12,3.2e-12,2.2e-12,1.7e-12
Co-61,1.65 h,0.6,8.2e-10,0.1,5.1e-10,2.5e-10,1.4e-10,9.2e-11,7.4e-11
Co-62m,0.232 h,0.6,5.3e-10,0.1,3e-10,1.5e-10,8.7e-11,6e-11,4.7e-11
Ni-56,6.10 d,0.1,5.3e-09,0.05,4e-09,2.3e-09,1.6e-09,1.1e-09,8.6e-10
Ni-57,1.50 d,0.1,6.8e-09,0.05,4.9e-09,2.7e-09,1.7e-09,1.1e-09,8.7e-10
Ni-59,7.50e4 a,0.1,6.4e-10,0.05,3.4e-10,1.9e-10,1.1e-10,7.3e-11,6.3e-11
Ni-63,96.0 a,0.1,1.6e-09,0.05,8.4e-10,4.6e-10,2.8e-10,1.8e-10,1.5e-10
Ni-65,2.52 h,0.1,2.1e-09,0.05,1.3e-09,6.3e-10,3.8e-10,2.3e-10,1.8e-10
Ni-66,2.27 d,0.1,3.3e-08,0.05,2.2e-08,1.1e-08,6.6e-09,3.7e-09,3e-09
Cu-60,0.387 h,1.0,7e-10,0.5,4.2e-10,2.2e-10,1.3e-10,8.9e-11,7e-11
Cu-61,3.41 h,1.0,7.1e-10,0.5,7.5e-10,3.9e-10,2.3e-10,1.5e-10,1.2e-10
Cu-64,12.7 h,1.0,5.2e-10,0.5,8.3e-10,4.2e-10,2.5e-10,1.5e-10,1.2e-10
Cu-67,2.58 d,1.0,2.1e-09,0.5,2.4e-09,1.2e-09,7.2e-10,4.2e-10,3.4e-10
Zn-62,9.26 h,1.0,4.2e-09,0.5,6.5e-09,3.3e-09,2e-09,1.2e-09,9.4e-10
Zn-63,0.635 h,1.0,8.7e-10,0.5,5.2e-10,2.6e-10,1.5e-10,1e-10,7.9e-11
Zn-65,244 d,1.0,3.6e-08,0.5,1.6e-08,9.7e-09,6.4e-09,4.5e-09,3.9e-09
Zn-69,0.950 h,1.0,3.5e-10,0.5,2.2e-10,1.1e-10,6e-11,3.9e-11,3.1e-11
Zn-69m,13.8 h,1.0,1.3e-09,0.5,2.3e-09,1.2e-09,7e-10,4.1e-10,3.3e-10
Zn-71m,3.92 h,1.0,1.4e-09,0.5,1.5e-09,7.8e-10,4.8e-10,3e-10,2.4e-10
Zn-72,1.94 d,1.0,8.7e-09,0.5,8.6e-09,4.5e-09,2.8e-09,1.7e-09,1.4e-09
Ga-65,0.253 h,0.01,4.3e-10,0.001,2.4e-10,1.2e-10,6.9e-11,4.7e-11,3.7e-11
Ga-66,9.40 h,0.01,1.2e-08,0.001,7.9e-09,4e-09,2.5e-09,1.5e-09,1.2e-09
Ga-67,3.26 d,0.01,1.8e-09,0.001,1.2e-09,6.4e-10,4e-10,2.4e-10,1.9e-10
Ga-68,1.13 h,0.01,1.2e-09,0.001,6.7e-10,3.4e-10,2e-10,1.3e-10,1e-10
Ga-70,0.353 h,0.01,3.9e-10,0.001,2.2e-10,1e-10,5.9e-11,4e-11,3.1e-11
Ga-72,14.1 h,0.01,1e-08,0.001,6.8e-09,3.6e-09,2.2e-09,1.4e-09,1.1e-09
Ga-73,4.91 h,0.01,3e-09,0.001,1.9e-09,9.3e-10,5.5e-10,3.3e-10,2.6e-10
Ge-66,2.27 h,1.0,8.3e-10,1.0,5.3e-10,2.9e-10,1.9e-10,1.3e-10,1e-10
Ge-67,0.312 h,1.0,7.7e-10,1.0,4.2e-10,2.1e-10,1.2e-10,8.2e-11,6.5e-11
Ge-68,288 d,1.0,1.2e-08,1.0,8e-09,4.2e-09,2.6e-09,1.6e-09,1.3e-09
Ge-69,1.63 d,1.0,2e-09,1.0,1.3e-09,7.1e-10,4.6e-10,3e-10,2.4e-10
Ge-71,11.8 d,1.0,1.2e-10,1.0,7.8e-11,4e-11,2.4e-11,1.5e-11,1.2e-11
Ge-75,1.38 h,1.0,5.5e-10,1.0,3.1e-10,1.5e-10,8.7e-11,5.9e-11,4.6e-11
Ge-77,11.3 h,1.0,3e-09,1.0,1.8e-09,9.9e-10,6.2e-10,4.1e-10,3.3e-10
Ge-78,1.45 h,1.0,1.2e-09,1.0,7e-10,3.6e-10,2.2e-10,1.5e-10,1.2e-10
As-69,0.253 h,1.0,6.6e-10,0.5,3.7e-10,1.8e-10,1.1e-10,7.2e-11,5.7e-11
As-70,0.876 h,1.0,1.2e-09,0.5,7.8e-10,4.1e-10,2.5e-10,1.7e-10,1.3e-10
As-71,2.70 d,1.0,2.8e-09,0.5,2.8e-09,1.5e-09,9.3e-10,5.7e-10,4.6e-10
As-72,1.08 d,1.0,1.1e-08,0.5,1.2e-08,6.3e-09,3.8e-09,2.3e-09,1.8e-09
As-73,80.3 d,1.0,2.6e-09,0.5,1.9e-09,9.3e-10,5.6e-10,3.2e-10,2.6e-10
As-74,17.8 d,1.0,1e-08,0.5,8.2e-09,4.3e-09,2.6e-09,1.6e-09,1.3e-09
As-76,110 d,1.0,1e-08,0.5,1.1e-08,5.8e-09,3.4e-09,2e-09,1.6e-09
As-77,1.62 d,1.0,2.7e-09,0.5,2.9e-09,1.5e-09,8.7e-10,5e-10,4e-10
As-78,1.51 h,1.0,2e-09,0.5,1.4e-09,7e-10,4.1e-10,2.7e-10,2.1e-10
Se-70,0.683 h,1.0,1e-09,0.8,7.1e-10,3.6e-10,2.2e-10,1.5e-10,1.2e-10
Se-73,7.15 h,1.0,1.6e-09,0.8,1.4e-09,7.4e-10,4.8e-10,2.5e-10,2.1e-10
Se-73m,0.650 h,1.0,2.6e-10,0.8,1.8e-10,9.5e-11,5.9e-11,3.5e-11,2.8e-11
Se-75,120 d,1.0,2e-08,0.8,1.3e-08,8.3e-09,6e-09,3.1e-09,2.6e-09
Se-79,6.50e4 a,1.0,4.1e-08,0.8,2.8e-08,1.9e-08,1.4e-08,4.1e-09,2.9e-09
Se-81,0.308 h,1.0,3.4e-10,0.8,1.9e-10,9e-11,5.1e-11,3.4e-11,2.7e-11
Se-81m,0.954 h,1.0,6e-10,0.8,3.7e-10,1.8e-10,1.1e-10,6.7e-11,5.3e-11
Se-83,0.375 h,1.0,4.6e-10,0.8,2.9e-10,1.5e-10,8.7e-11,5.9e-11,4.7e-11
Br-74,0.422 h,1.0,9e-10,1.0,5.2e-10,2.6e-10,1.5e-10,1.1e-10,8.4e-11
Br-74m,0.691 h,1.0,1.5e-09,1.0,8.5e-10,4.3e-10,2.5e-10,1.7e-10,1.4e-10
Br-75,1.63 h,1.0,8.5e-10,1.0,4.9e-10,2.5e-10,1.5e-10,9.9e-11,7.9e-11
Br-76,16.2 h,1.0,4.2e-09,1.0,2.7e-09,1.4e-09,8.7e-10,5.6e-10,4.6e-10
Br-77,2.33 d,1.0,6.3e-10,1.0,4.4e-10,2.5e-10,1.7e-10,1.1e-10,9.6e-11
Br-80,0.290 h,1.0,3.9e-10,1.0,2.1e-10,1e-10,5.8e-11,3.9e-11,3.1e-11
Br-80m,4.42 h,1.0,1.4e-09,1.0,8e-10,3.9e-10,2.3e-10,1.4e-10,1.1e-10
Br-82,1.47 d,1.0,3.7e-09,1.0,2.6e-09,1.5e-09,9.5e-10,6.4e-10,5.4e-10
Br-83,2.39 h,1.0,5.3e-10,1.0,3e-10,1.4e-10,8.3e-11,5.5e-11,4.3e-11
Br-84,0.530 h,1.0,1e-09,1.0,5.8e-10,2.8e-10,1.6e-10,1.1e-10,8.8e-11
Rb-79,0.382 h,1.0,5.7e-10,1.0,3.2e-10,1.6e-10,9.2e-11,6.3e-11,5e-11
Rb-81,4.58 h,1.0,5.4e-10,1.0,3.2e-10,1.6e-10,1e-10,6.7e-11,5.4e-11
Rb-81m,0.533 h,1.0,1.1e-10,1.0,6.2e-11,3.1e-11,1.8e-11,1.2e-11,9.7e-12
Rb-82m,6.20 h,1.0,8.7e-10,1.0,5.9e-10,3.4e-10,2.2e-10,1.5e-10,1.3e-10
Rb-83,86.2 d,1.0,1.1e-08,1.0,8.4e-09,4.9e-09,3.2e-09,2.2e-09,1.9e-09
Rb-84,32.8 d,1.0,2e-08,1.0,1.4e-08,7.9e-09,5e-09,3.3e-09,2.8e-09
Rb-86,18.7 d,1.0,3.1e-08,1.0,2e-08,9.9e-09,5.9e-09,3.5e-09,2.8e-09
Rb-87,4.70e10 a,1.0,1.5e-08,1.0,1e-08,5.2e-09,3.1e-09,1.8e-09,1.5e-09
Rb-88,0.297 h,1.0,1.1e-09,1.0,6.2e-10,3e-10,1.7e-10,1.2e-10,9e-11
Rb-89,0.253 h,1.0,5.4e-10,1.0,3e-10,1.5e-10,8.6e-11,5.9e-11,4.7e-11
Sr-80,1.67 h,0.6,3.7e-09,0.3,2.3e-09,1.1e-09,6.5e-10,4.2e-10,3.4e-10
Sr-81,0.425 h,0.6,8.4e-10,0.3,4.9e-10,2.4e-10,1.4e-10,9.6e-11,7.7e-11
Sr-82,25.0 d,0.6,7.2e-08,0.3,4.1e-08,2.1e-08,1.3e-08,8.7e-09,6.1e-09
Sr-83,1.35 d,0.6,3.4e-09,0.3,2.7e-09,1.4e-09,9.1e-10,5.7e-10,4.9e-10
Sr-85,64.8 d,0.6,7.7e-09,0.3,3.1e-09,1.7e-09,1.5e-09,1.3e-09,5.6e-10
Sr-85m,1.16 h,0.6,4.5e-11,0.3,3e-11,1.7e-11,1.1e-11,7.8e-12,6.1e-12
Sr-87m,2.80 h,0.6,2.4e-10,0.3,1.7e-10,9e-11,5.6e-11,3.6e-11,3e-11
Sr-89,50.5 d,0.6,3.6e-08,0.3,1.8e-08,8.9e-09,5.8e-09,4e-09,2.6e-09
Sr-90,29.1 a,0.6,2.3e-07,0.3,7.3e-08,4.7e-08,6e-08,8e-08,2.8e-08
Sr-91,9.50 h,0.6,5.2e-09,0.3,4e-09,2.1e-09,1.2e-09,7.4e-10,6.5e-10
Sr-92,2.71 h,0.6,3.4e-09,0.3,2.7e-09,1.4e-09,8.2e-10,4.8e-10,4.3e-10
Y-86,14.7 h,0.001,7.6e-09,0.0001,5.2e-09,2.9e-09,1.9e-09,1.2e-09,9.6e-10
Y-86m,0.800 h,0.001,4.5e-10,0.0001,3.1e-10,1.7e-10,1.1e-10,7.1e-11,5.6e-11
Y-87,3.35 d,0.001,4.6e-09,0.0001,3.2e-09,1.8e-09,1.1e-09,7e-10,5.5e-10
Y-88,107 d,0.001,8.1e-09,0.0001,6e-09,3.5e-09,2.4e-09,1.6e-09,1.3e-09
Y-90,2.67 d,0.001,3.1e-08,0.0001,2e-08,1e-08,5.9e-09,3.3e-09,2.7e-09
Y-90m,3.19 h,0.001,1.8e-09,0.0001,1.2e-09,6.1e-10,3.7e-10,2.2e-10,1.7e-10
Y-91,58.5 d,0.001,2.8e-08,0.0001,1.8e-08,8.8e-09,5.2e-09,2.9e-09,2.4e-09
Y-91m,0.828 h,0.001,9.2e-11,0.0001,6e-11,3.3e-11,2.1e-11,1.4e-11,1.1e-11
Y-92,3.54 h,0.001,5.9e-09,0.0001,3.6e-09,1.8e-09,1e-09,6.2e-10,4.9e-10
Y-93,10.1 h,0.001,1.4e-08,0.0001,8.5e-09,4.3e-09,2.5e-09,1.4e-09,1.2e-09
Y-94,0.318 h,0.001,9.9e-10,0.0001,5.5e-10,2.7e-10,1.5e-10,1e-10,8.1e-11
Y-95,0.178 h,0.001,5.7e-10,0.0001,3.1e-10,1.5e-10,8.7e-11,5.9e-11,4.6e-11
Zr-86,16.5 h,0.02,6.9e-09,0.01,4.8e-09,2.7e-09,1.7e-09,1.1e-09,8.6e-10
Zr-88,83.4 d,0.02,2.8e-09,0.01,2e-09,1.2e-09,8e-10,5.4e-10,4.5e-10
Zr-89,3.27 d,0.02,6.5e-09,0.01,4.5e-09,2.5e-09,1.6e-09,9.9e-10,7.9e-10
Zr-93,1.53e6 a,0.02,1.2e-09,0.01,7.6e-10,5.1e-10,5.8e-10,8.6e-10,1.1e-09
Zr-95,64.0 d,0.02,8.5e-09,0.01,5.6e-09,3e-09,1.9e-09,1.2e-09,0.95
Zr-97,16.9 h,0.02,2.2e-08,0.01,1.4e-08,7.3e-09,4.4e-09,2.6e-09,2.1e-09
Nb-88,0.238 h,0.02,6.7e-10,0.01,3.8e-10,1.9e-10,1.1e-10,7.9e-11,6.3e-11
Nb-89,2.03 h,0.02,3e-09,0.01,2e-09,1e-09,6e-10,3.4e-10,2.7e-10
Nb-89m,1.10 h,0.02,1.5e-09,0.01,8.7e-10,4.4e-10,2.7e-10,1.8e-10,1.4e-10
Nb-90,14.6 h,0.02,1.1e-08,0.01,7.2e-09,3.9e-09,2.5e-09,1.6e-09,1.2e-09
Nb-93m,13.6 a,0.02,1.5e-09,0.01,9.1e-10,4.6e-10,2.7e-10,1.5e-10,1.2e-10
Nb-94,2.03e4 a,0.02,1.5e-08,0.01,9.7e-09,5.3e-09,3.4e-09,2.1e-09,1.7e-09
Nb-95,35.1 d,0.02,4.6e-09,0.01,3.2e-09,1.8e-09,1.1e-09,7.4e-10,5.8e-10
Nb-95m,3.61 d,0.02,6.4e-09,0.01,4.1e-09,2.1e-09,1.2e-09,7.1e-10,5.6e-10
Nb-96,23.3 h,0.02,9.2e-09,0.01,6.3e-09,3.4e-09,2.2e-09,1.4e-09,1.1e-09
Nb-97,1.20 h,0.02,7.7e-10,0.01,4.5e-10,2.3e-10,1.3e-10,8.7e-11,6.8e-11
Nb-98,0.858 h,0.02,1.2e-09,0.01,7.1e-10,3.6e-10,2.2e-10,1.4e-10,1.1e-10
Mo-90,5.67 h,1.0,1.7e-09,1.0,1.2e-09,6.3e-10,4e-10,2.7e-10,2.2e-10
Mo-93,3.50e3 a,1.0,7.9e-09,1.0,6.9e-09,5e-09,4e-09,3.4e-09,3.1e-09
Mo-93m,6.85 h,1.0,8e-10,1.0,5.4e-10,3.1e-10,2e-10,1.4e-10,1.1e-10
Mo-99,2.75 d,1.0,5.5e-09,1.0,3.5e-09,1.8e-09,1.1e-09,7.6e-10,6e-10
Mo-101,0.244 h,1.0,4.8e-10,1.0,2.7e-10,1.3e-10,7.6e-11,5.2e-11,4.1e-11
Tc-93,2.75 h,1.0,2.7e-10,0.5,2.5e-10,1.5e-10,9.8e-11,6.8e-11,5.5e-11
Tc-93m,0.725 h,1.0,2e-10,0.5,1.3e-10,7.3e-11,4.6e-11,3.2e-11,2.5e-11
Tc-94,4.88 h,1.0,1.2e-09,0.5,1e-09,5.8e-10,3.7e-10,2.5e-10,2e-10
Tc-94m,0.867 h,1.0,1.3e-09,0.5,6.5e-10,3.3e-10,1.9e-10,1.3e-10,1e-10
Tc-95,20.0 h,1.0,9.9e-10,0.5,8.7e-10,5e-10,3.3e-10,2.3e-10,1.8e-10
Tc-95m,61.0 d,1.0,4.7e-09,0.5,2.8e-09,1.6e-09,1e-09,7e-10,5.6e-10
Tc-96,4.28 d,1.0,6.7e-09,0.5,5.1e-09,3e-09,2e-09,1.4e-09,1.1e-09
Tc-96m,0.858 h,1.0,1e-10,0.5,6.5e-11,3.6e-11,2.3e-11,1.6e-11,1.2e-11
Tc-97,2.60e6 a,1.0,9.9e-10,0.5,4.9e-10,2.4e-10,1.4e-10,8.8e-11,6.8e-11
Tc-97m,87.0 d,1.0,8.7e-09,0.5,4.1e-09,2e-09,1.1e-09,7e-10,5.5e-10
Tc-98,4.20e6 a,1.0,2.3e-08,0.5,1.2e-08,6.1e-09,3.7e-09,2.5e-09,2e-09
Tc-99,2.13e5 a,1.0,1e-08,0.5,4.8e-09,2.3e-09,1.3e-09,8.2e-10,6.4e-10
Tc-99m,6.02 h,1.0,2e-10,0.5,1.3e-10,7.2e-11,4.3e-11,2.8e-11,2.2e-11
Tc-101,0.237 h,1.0,2.4e-10,0.5,1.3e-10,6.1e-11,3.5e-11,2.4e-11,0.19
Tc-104,0.303 h,1.0,1e-09,0.5,5.3e-10,2.6e-10,1.5e-10,1e-10,8e-11
Ru-94,0.863 h,0.1,9.3e-10,0.05,5.9e-10,3.1e-10,1.9e-10,1.2e-10,9.4e-11
Ru-97,2.90 d,0.1,1.2e-09,0.05,8.5e-10,4.7e-10,3e-10,1.9e-10,1.5e-10
Ru-103,39.3 d,0.1,7.1e-09,0.05,4.6e-09,2.4e-09,1.5e-09,9.2e-10,7.3e-10
Ru-105,4.44 h,0.1,2.7e-09,0.05,1.8e-09,9.1e-10,5.5e-10,3.3e-10,2.6e-10
Ru-106,1.01 a,0.1,8.4e-08,0.05,4.9e-08,2.5e-08,1.5e-08,8.6e-09,7e-09
Rh-99,16.0 d,0.1,4.2e-09,0.05,2.9e-09,1.6e-09,1e-09,6.5e-10,5.1e-10
Rh-99m,4.70 h,0.1,4.9e-10,0.05,3.5e-10,2e-10,1.3e-10,8.3e-11,6.6e-11
Rh-100,20.8 h,0.1,4.9e-09,0.05,3.6e-09,2e-09,1.4e-09,8.8e-10,7.1e-10
Rh-101,3.20 a,0.1,4.9e-09,0.05,2.8e-09,1.6e-09,1e-09,6.7e-10,5.5e-10
Rh-101m,4.34 d,0.1,1.7e-09,0.05,1.2e-09,6.8e-10,4.4e-10,2.8e-10,2.2e-10
Rh-102,2.90 a,0.1,1.9e-08,0.05,1e-08,6.4e-09,4.3e-09,3e-09,2.6e-09
Rh-102m,207 d,0.1,1.2e-08,0.05,7.4e-09,3.9e-09,2.4e-09,1.4e-09,1.2e-09
Rh-103m,0.935 h,0.1,4.7e-11,0.05,2.7e-11,1.3e-11,7.4e-12,4.8e-12,3.8e-12
Rh-105,1.47 d,0.1,4e-09,0.05,2.7e-09,1.3e-09,8e-10,4.6e-10,3.7e-10
Rh-106m,2.20 h,0.1,1.4e-09,0.05,9.7e-10,5.3e-10,3.3e-10,2e-10,1.6e-10
Rh-107,0.362 h,0.1,2.9e-10,0.05,1.6e-10,7.9e-11,4.5e-11,3.1e-11,2.4e-11
Pd-100,3.63 d,0.05,7.4e-09,0.005,5.2e-09,2.9e-09,1.9e-09,1.2e-09,9.4e-10
Pd-101,8.27 h,0.05,8.2e-10,0.005,5.7e-10,3.1e-10,1.9e-10,1.2e-10,9.4e-11
Pd-103,17.0 d,0.05,2.2e-09,0.005,1.4e-09,7.2e-10,4.3e-10,2.4e-10,1.9e-10
Pd-107,6.50e6 a,0.05,4.4e-10,0.005,2.8e-10,1.4e-10,8.1e-11,4.6e-11,3.7e-11
Pd-109,13.4 h,0.05,6.3e-09,0.005,4.1e-09,2e-09,1.2e-09,6.8e-10,5.5e-10
Ag-102,0.215 h,0.1,4.2e-10,0.05,2.4e-10,1.2e-10,7.3e-11,5e-11,4e-11
Ag-103,1.09 h,0.1,4.5e-10,0.05,2.7e-10,1.4e-10,8.3e-11,5.5e-11,4.3e-11
Ag-104,1.15 h,0.1,4.3e-10,0.05,2.9e-10,1.7e-10,1.1e-10,7.5e-11,6e-11
Ag-104m,0.558 h,0.1,5.6e-10,0.05,3.3e-10,1.7e-10,1e-10,6.8e-11,5.4e-11
Ag-105,41.0 d,0.1,3.9e-09,0.05,2.5e-09,1.4e-09,9.1e-10,5.9e-10,4.7e-10
Ag-106,0.399 h,0.1,3.7e-10,0.05,2.1e-10,1e-10,6e-11,4.1e-11,3.2e-11
Ag-106m,8.41 d,0.1,9.7e-09,0.05,6.9e-09,4.1e-09,2.8e-09,1.8e-09,1.5e-09
Ag-108m,1.27e2 a,0.1,2.1e-08,0.05,1.1e-08,6.5e-09,4.3e-09,2.8e-09,2.3e-09
Ag-110m,250 d,0.1,2.4e-08,0.05,1.4e-08,7.8e-09,5.2e-09,3.4e-09,2.8e-09
Ag-111,7.45 d,0.1,1.4e-08,0.05,9.3e-09,4.6e-09,2.7e-09,1.6e-09,1.3e-09
Ag-112,3.12 h,0.1,4.9e-09,0.05,3e-09,1.5e-09,8.9e-10,5.4e-10,4.3e-10
Ag-115,0.333 h,0.1,7.2e-10,0.05,4.1e-10,2e-10,1.2e-10,7.7e-11,6e-11
Cd-104,0.961 h,0.1,4.2e-10,0.05,2.9e-10,1.7e-10,1.1e-10,7.2e-11,5.4e-11
Cd-107,6.49 h,0.1,7.1e-10,0.05,4.6e-10,2.3e-10,1.3e-10,7.8e-11,6.2e-11
Cd-109,1.27 a,0.1,2.1e-08,0.05,9.5e-09,5.5e-09,3.5e-09,2.4e-09,2e-09
Cd-113,9.30e15 a,0.1,1e-07,0.05,4.8e-08,3.7e-08,3e-08,2.6e-08,2.5e-08
Cd-113m,13.6 a,0.1,1.2e-07,0.05,5.6e-08,3.9e-08,2.9e-08,2.4e-08,2.3e-08
Cd-115,2.23 d,0.1,1.4e-08,0.05,9.7e-09,4.9e-09,2.9e-09,1.7e-09,1.4e-09
Cd-115m,44.6 d,0.1,4.1e-08,0.05,1.9e-08,9.7e-09,6.9e-09,4.1e-09,3.3e-09
Cd-117,2.49 h,0.1,2.9e-09,0.05,1.9e-09,9.5e-10,5.7e-10,3.5e-10,2.8e-10
Cd-117m,3.36 h,0.1,2.6e-09,0.05,1.7e-09,9e-10,5.6e-10,3.5e-10,2.8e-10
In-109,4.20 h,0.04,5.2e-10,0.02,3.6e-10,2e-10,1.3e-10,8.2e-11,6.6e-11
In-110,4.90 h,0.04,1.5e-09,0.02,1.1e-09,6.5e-10,4.4e-10,3e-10,2.4e-10
In-110m,1.15 h,0.04,1.1e-09,0.02,6.4e-10,3.2e-10,1.9e-10,1.3e-10,1e-10
In-111,2.83 d,0.04,2.4e-09,0.02,1.7e-09,9.1e-10,5.9e-10,3.7e-10,2.9e-10
In-112,0.240 h,0.04,1.2e-10,0.02,6.7e-11,3.3e-11,1.9e-11,1.3e-11,1e-11
In-113m,1.66 h,0.04,3e-10,0.02,1.8e-10,9.3e-11,6.2e-11,3.6e-11,2.8e-11
In-114m,49.5 d,0.04,5.6e-08,0.02,3.1e-08,1.5e-08,9e-09,5.2e-09,4.1e-09
In-115,5.10e15 a,0.04,1.3e-07,0.02,6.4e-08,4.8e-08,4.3e-08,3.6e-08,3.2e-08
In-115m,4.49 h,0.04,9.6e-10,0.02,6e-10,3e-10,1.8e-10,1.1e-10,8.6e-11
In-116m,0.902 h,0.04,5.8e-10,0.02,3.6e-10,1.9e-10,1.2e-10,8e-11,6.4e-11
In-117,0.730 h,0.04,3.3e-10,0.02,1.9e-10,9.7e-11,5.8e-11,3.9e-11,3.1e-11
In-117m,1.94 h,0.04,1.4e-09,0.02,8.6e-10,4.3e-10,2.5e-10,1.6e-10,1.2e-10
In-119m,0.300 h,0.04,5.9e-10,0.02,3.2e-10,1.6e-10,8.8e-11,6e-11,4.7e-11
Sn-110,4.00 h,0.04,3.5e-09,0.02,2.3e-09,1.2e-09,7.4e-10,4.4e-10,3.5e-10
Sn-111,0.588 h,0.04,2.5e-10,0.02,1.5e-10,7.4e-11,4.4e-11,3e-11,2.3e-11
Sn-113,115 d,0.04,7.8e-09,0.02,5e-09,2.6e-09,1.6e-09,9.2e-10,7.3e-10
Sn-117m,13.6 d,0.04,7.7e-09,0.02,5e-09,2.5e-09,1.5e-09,8.8e-10,7.1e-10
Sn-119m,293 d,0.04,4.1e-09,0.02,2.5e-09,1.3e-09,7.5e-10,4.3e-10,3.4e-10
Sn-121,1.13 d,0.04,2.6e-09,0.02,1.7e-09,8.4e-10,5e-10,2.8e-10,2.3e-10
Sn-121m,55.0 a,0.04,4.6e-09,0.02,2.7e-09,1.4e-09,8.2e-10,4.7e-10,3.8e-10
Sn-123,129 d,0.04,2.5e-08,0.02,1.6e-08,7.8e-09,4.6e-09,2.6e-09,2.1e-09
Sn-123m,0.668 h,0.04,4.7e-10,0.02,2.6e-10,1.3e-10,7.3e-11,4.9e-11,3.8e-11
Sn-125,9.64 d,0.04,3.5e-08,0.02,2.2e-08,1.1e-08,6.7e-09,3.8e-09,3.1e-09
Sn-126,1.00e5 a,0.04,5e-08,0.02,3e-08,1.6e-08,9.8e-09,5.9e-09,4.7e-09
Sn-127,2.10 h,0.04,2e-09,0.02,1.3e-09,6.6e-10,4e-10,2.5e-10,2e-10
Sn-128,0.985 h,0.04,1.6e-09,0.02,9.7e-10,4.9e-10,3e-10,1.9e-10,1.5e-10
Sb-115,0.530 h,0.2,2.5e-10,0.1,1.5e-10,7.5e-11,4.5e-11,3.1e-11,2.4e-11
Sb-116,0.263 h,0.2,2.7e-10,0.1,1.6e-10,8e-11,4.8e-11,3.3e-11,2.6e-11
Sb-116m,1.00 h,0.2,5e-10,0.1,3.3e-10,1.9e-10,1.2e-10,8.3e-11,6.7e-11
Sb-117,2.80 h,0.2,1.6e-10,0.1,1e-10,5.6e-11,3.5e-11,2.2e-11,1.8e-11
Sb-118m,5.00 h,0.2,1.3e-09,0.1,1e-09,5.8e-10,3.9e-10,2.6e-10,2.1e-10
Sb-119,1.59 d,0.2,8.4e-10,0.1,5.8e-10,3e-10,1.8e-10,1e-10,8e-11
Sb-120,0.265 h,0.2,1.7e-10,0.1,9.4e-11,4.6e-11,2.7e-11,1.8e-11,1.4e-11
Sb-120m,5.76 d,0.2,8.1e-09,0.1,6e-09,3.5e-09,2.3e-09,1.6e-09,1.2e-09
Sb-122,2.70 d,0.2,1.8e-08,0.1,1.2e-08,6.1e-09,3.7e-09,2.1e-09,1.7e-09
Sb-124,60.2 d,0.2,2.5e-08,0.1,1.6e-08,8.4e-09,5.2e-09,3.2e-09,2.5e-09
Sb-124m,0.337 h,0.2,8.5e-11,0.1,4.9e-11,2.5e-11,1.5e-11,1e-11,8e-12
Sb-125,2.77 a,0.2,1.1e-08,0.1,6.1e-09,3.4e-09,2.1e-09,1.4e-09,1.1e-09
Sb-126,12.4 d,0.2,2e-08,0.1,1.4e-08,7.6e-09,4.9e-09,3.1e-09,2.4e-09
Sb-126m,0.317 h,0.2,3.9e-10,0.1,2.2e-10,1.1e-10,6.6e-11,4.5e-11,3.6e-11
Sb-127,3.85 d,0.2,1.7e-08,0.1,1.2e-08,5.9e-09,3.6e-09,2.1e-09,1.7e-09
Sb-128,9.01 h,0.2,6.3e-09,0.1,4.5e-09,2.4e-09,1.5e-09,9.5e-10,7.6e-10
Sb-128,0.173 h,0.2,3.7e-10,0.1,2.1e-10,1e-10,6e-11,4.1e-11,3.3e-11
Sb-129,4.32 h,0.2,4.3e-09,0.1,2.8e-09,1.5e-09,8.8e-10,5.3e-10,4.2e-10
Sb-130,0.667 h,0.2,9.1e-10,0.1,5.4e-10,2.8e-10,1.7e-10,1.2e-10,9.1e-11
Sb-131,0.383 h,0.2,1.1e-09,0.1,7.3e-10,3.9e-10,2.1e-10,1.4e-10,1e-10
Te-116,2.49 h,0.6,1.4e-09,0.3,1e-09,5.5e-10,3.4e-10,2.1e-10,0.17
Te-121,17.0 d,0.6,3.1e-09,0.3,2e-09,1.2e-09,8e-10,5.4e-10,0.43
Te-121m,154 d,0.6,2.7e-08,0.3,1.2e-08,6.9e-09,4.2e-09,2.8e-09,2.3e-09
Te-123,1.00e13 a,0.6,2e-08,0.3,9.3e-09,6.9e-09,5.4e-09,4.7e-09,4.4e-09
Te-123m,120 d,0.6,1.9e-08,0.3,8.8e-09,4.9e-09,2.8e-09,1.7e-09,1.4e-09
Te-125m,58.0 d,0.6,1.3e-08,0.3,6.3e-09,3.3e-09,1.9e-09,1.1e-09,8.7e-10
Te-127,9.35 h,0.6,1.5e-09,0.3,1.2e-09,6.2e-10,3.6e-10,2.1e-10,1.7e-10
Te-127m,109 d,0.6,4.1e-08,0.3,1.8e-08,9.5e-09,5.2e-09,3e-09,2.3e-09
Te-129,1.16 h,0.6,7.5e-10,0.3,4.4e-10,2.1e-10,1.2e-10,8e-11,6.3e-11
Te-129m,33.6 d,0.6,4.4e-08,0.3,2.4e-08,1.2e-08,6.6e-09,3.9e-09,3e-09
Te-131,0.417 h,0.6,9e-10,0.3,6.6e-10,3.5e-10,1.9e-10,1.2e-10,8.7e-11
Te-131m,1.25 d,0.6,2e-08,0.3,1.4e-08,7.8e-09,4.3e-09,2.7e-09,1.9e-09
Te-132,3.26 d,0.6,4.8e-08,0.3,3e-08,1.6e-08,8.3e-09,5.3e-09,3.8e-09
Te-133,0.207 h,0.6,8.4e-10,0.3,6.3e-10,3.3e-10,1.6e-10,1.1e-10,7.2e-11
Te-133m,0.923 h,0.6,3.1e-09,0.3,2.4e-09,1.3e-09,6.3e-10,4.1e-10,2.8e-10
Te-134,0.696 h,0.6,1.1e-09,0.3,7.5e-10,3.9e-10,2.2e-10,1.4e-10,1.1e-10
I-120,1.35 h,1.0,3.9e-09,1.0,2.8e-09,1.4e-09,7.2e-10,4.8e-10,3.4e-10
I-120m,0.883 h,1.0,2.3e-09,1.0,1.5e-09,7.8e-10,4.2e-10,2.9e-10,2.1e-10
I-121,2.12 h,1.0,6.2e-10,1.0,5.3e-10,3.1e-10,1.7e-10,1.2e-10,8.2e-11
I-123,13.2 h,1.0,2.2e-09,1.0,1.9e-09,1.1e-09,4.9e-10,3.3e-10,2.1e-10
I-124,4.18 d,1.0,1.2e-07,1.0,1.1e-07,6.3e-08,3.1e-08,2e-08,1.3e-08
I-125,60.1 d,1.0,5.2e-08,1.0,5.7e-08,4.1e-08,3.1e-08,2.2e-08,1.5e-08
I-126,13.0 d,1.0,2.1e-07,1.0,2.1e-07,1.3e-07,6.8e-08,4.5e-08,2.9e-08
I-128,0.416 h,1.0,5.7e-10,1.0,3.3e-10,1.6e-10,8.9e-11,6e-11,4.6e-11
I-129,1.57e7 a,1.0,1.8e-07,1.0,2.2e-07,1.7e-07,1.9e-07,1.4e-07,1.1e-07
I-130,12.4 h,1.0,2.1e-08,1.0,1.8e-08,9.8e-09,4.6e-09,3e-09,2e-09
I-131,8.04 d,1.0,1.8e-07,1.0,1.8e-07,1e-07,5.2e-08,3.4e-08,2.2e-08
I-132,2.30 h,1.0,3e-09,1.0,2.4e-09,1.3e-09,6.2e-10,4.1e-10,2.9e-10
I-132m,1.39 h,1.0,2.4e-09,1.0,2e-09,1.1e-09,5e-10,3.3e-10,2.2e-10
I-133,20.8 h,1.0,4.9e-08,1.0,4.4e-08,2.3e-08,1e-08,6.8e-09,4.3e-09
I-134,0.876 h,1.0,1.1e-09,1.0,7.5e-10,3.9e-10,2.1e-10,1.4e-10,1.1e-10
I-135,6.61 h,1.0,1e-08,1.0,8.9e-09,4.7e-09,2.2e-09,1.4e-09,9.3e-10
Cs-125,0.750 h,1.0,3.9e-10,1.0,2.2e-10,1.1e-10,6.5e-11,4.4e-11,3.5e-11
Cs-127,6.25 h,1.0,1.8e-10,1.0,1.2e-10,6.6e-11,4.2e-11,2.9e-11,2.4e-11
Cs-129,1.34 d,1.0,4.4e-10,1.0,3e-10,1.7e-10,1.1e-10,7.2e-11,6e-11
Cs-130,0.498 h,1.0,3.3e-10,1.0,1.8e-10,9e-11,5.2e-11,3.6e-11,2.8e-11
Cs-131,9.69 d,1.0,4.6e-10,1.0,2.9e-10,1.6e-10,1e-10,6.9e-11,5.8e-11
Cs-132,6.48 d,1.0,2.7e-09,1.0,1.8e-09,1.1e-09,7.7e-10,5.7e-10,5e-10
Cs-134,2.06 a,1.0,2.6e-08,1.0,1.6e-08,1.3e-08,1.4e-08,1.9e-08,1.9e-08
Cs-134m,2.90 h,1.0,2.1e-10,1.0,1.2e-10,5.9e-11,3.5e-11,2.5e-11,2e-11
Cs-135,2.30e6 a,1.0,4.1e-09,1.0,2.3e-09,1.7e-09,1.7e-09,2e-09,2e-09
Cs-135m,0.883 h,1.0,1.3e-10,1.0,8.6e-11,4.9e-11,3.2e-11,2.3e-11,1.9e-11
Cs-136,13.1 d,1.0,1.5e-08,1.0,9.5e-09,6.1e-09,4.4e-09,3.4e-09,3e-09
Cs-137,30.0 a,1.0,2.1e-08,1.0,1.2e-08,9.6e-09,1e-08,1.3e-08,1.3e-08
Cs-138,0.536 h,1.0,1.1e-09,1.0,5.9e-10,2.9e-10,1.7e-10,1.2e-10,9.2e-11
Ba-126,1.61 h,0.6,2.7e-09,0.2,1.7e-09,8.5e-10,5e-10,3.1e-10,2.6e-10
Ba-128,2.43 d,0.6,2e-08,0.2,1.7e-08,9e-09,5.2e-09,3e-09,2.7e-09
Ba-131,11.8 d,0.6,4.2e-09,0.2,2.6e-09,1.4e-09,9.4e-10,6.2e-10,4.5e-10
Ba-131m,0.243 h,0.6,5.8e-11,0.2,3.2e-11,1.6e-11,9.3e-12,6.3e-12,4.9e-12
Ba-133,10.7 a,0.6,2.2e-08,0.2,6.2e-09,3.9e-09,4.6e-09,7.3e-09,1.5e-09
Ba-133m,1.62 d,0.6,4.2e-09,0.2,3.6e-09,1.8e-09,1.1e-09,5.9e-10,5.4e-10
Ba-135m,1.20 d,0.6,3.3e-09,0.2,2.9e-09,1.5e-09,8.5e-10,4.7e-10,4.3e-10
Ba-139,1.38 h,0.6,1.4e-09,0.2,8.4e-10,4.1e-10,2.4e-10,1.5e-10,1.2e-10
Ba-140,12.7 d,0.6,3.2e-08,0.2,1.8e-08,9.2e-09,5.8e-09,3.7e-09,2.6e-09
Ba-141,0.305 h,0.6,7.6e-10,0.2,4.7e-10,2.3e-10,1.3e-10,8.6e-11,7e-11
Ba-142,0.177 h,0.6,3.6e-10,0.2,2.2e-10,1.1e-10,6.6e-11,4.3e-11,3.5e-11
La-131,0.983 h,0.005,3.5e-10,0.0005,2.1e-10,1.1e-10,6.6e-11,4.4e-11,3.5e-11
La-132,4.80 h,0.005,3.8e-09,0.0005,2.4e-09,1.3e-09,7.8e-10,4.8e-10,3.9e-10
La-135,19.5 h,0.005,2.8e-10,0.0005,1.9e-10,1e-10,6.4e-11,3.9e-11,3e-11
La-137,6.00e4 a,0.005,1.1e-09,0.0005,4.5e-10,2.5e-10,1.6e-10,1e-10,8.1e-11
La-138,1.35e11 a,0.005,1.3e-08,0.0005,4.6e-09,2.7e-09,1.9e-09,1.3e-09,1.1e-09
La-140,1.68 d,0.005,2e-08,0.0005,1.3e-08,6.8e-09,4.2e-09,2.5e-09,2e-09
La-141,3.93 h,0.005,4.3e-09,0.0005,2.6e-09,1.3e-09,7.6e-10,4.5e-10,3.6e-10
La-142,1.54 h,0.005,1.9e-09,0.0005,1.1e-09,5.8e-10,3.5e-10,2.3e-10,1.8e-10
La-143,0.237 h,0.005,6.9e-10,0.0005,3.9e-10,1.9e-10,1.1e-10,7.1e-11,5.6e-11
Ce-134,3.00 d,0.005,2.8e-08,0.0005,1.8e-08,9.1e-09,5.5e-09,3.2e-09,2.5e-09
Ce-135,17.6 h,0.005,7e-09,0.0005,4.7e-09,2.6e-09,1.6e-09,1e-09,7.9e-10
Ce-137,9.00 h,0.005,2.6e-10,0.0005,1.7e-10,8.8e-11,5.4e-11,3.2e-11,2.5e-11
Ce-137m,1.43 d,0.005,6.1e-09,0.0005,3.9e-09,2e-09,1.2e-09,6.8e-10,5.4e-10
Ce-139,138 d,0.005,2.6e-09,0.0005,1.6e-09,8.6e-10,5.4e-10,3.3e-10,2.6e-10
Ce-141,32.5 d,0.005,8.1e-09,0.0005,5.1e-09,2.6e-09,1.5e-09,8.8e-10,7.1e-10
Ce-143,1.38 d,0.005,1.2e-08,0.0005,8e-09,4.1e-09,2.4e-09,1.4e-09,1.1e-09
Ce-144,284 d,0.005,6.6e-08,0.0005,3.9e-08,1.9e-08,1.1e-08,6.5e-09,5.2e-09
Pr-136,0.218 h,0.005,3.7e-10,0.0005,2.1e-10,1e-10,6.1e-11,4.2e-11,3.3e-11
Pr-137,1.28 h,0.005,4.1e-10,0.0005,2.5e-10,1.3e-10,7.7e-11,5e-11,4e-11
Pr-138m,2.10 h,0.005,1e-09,0.0005,7.4e-10,4.1e-10,2.6e-10,1.6e-10,1.3e-10
Pr-139,4.51 h,0.005,3.2e-10,0.0005,2e-10,1.1e-10,6.5e-11,4e-11,3.1e-11
Pr-142,19.1 h,0.005,1.5e-08,0.0005,9.8e-09,4.9e-09,2.9e-09,1.6e-09,1.3e-09
Pr-142m,0.243 h,0.005,2e-10,0.0005,1.2e-10,6.2e-11,3.7e-11,2.1e-11,1.7e-11
Pr-143,13.6 d,0.005,1.4e-08,0.0005,8.7e-09,4.3e-09,2.6e-09,1.5e-09,1.2e-09
Pr-144,0.288 h,0.005,6.4e-10,0.0005,3.5e-10,1.7e-10,9.5e-11,6.5e-11,5e-11
Pr-145,5.98 h,0.005,4.7e-09,0.0005,2.9e-09,1.4e-09,8.5e-10,4.9e-10,3.9e-10
Pr-147,0.227 h,0.005,3.9e-10,0.0005,2.2e-10,1.1e-10,6.1e-11,4.2e-11,3.3e-11
Nd-136,0.844 h,0.005,1e-09,0.0005,6.1e-10,3.1e-10,1.9e-10,1.2e-10,9.9e-11
Nd-138,5.04 h,0.005,7.2e-09,0.0005,4.5e-09,2.3e-09,1.3e-09,8e-10,6.4e-10
Nd-139,0.495 h,0.005,2.1e-10,0.0005,1.2e-10,6.3e-11,3.7e-11,2.5e-11,2e-11
Nd-139m,5.50 h,0.005,2.1e-09,0.0005,1.4e-09,7.8e-10,5e-10,3.1e-10,2.5e-10
Nd-141,2.49 h,0.005,7.8e-11,0.0005,5e-11,2.7e-11,1.6e-11,1e-11,8.3e-12
Nd-147,11.0 d,0.005,1.2e-08,0.0005,7.8e-09,3.9e-09,2.3e-09,1.3e-09,1.1e-09
Nd-149,1.73 h,0.005,1.4e-09,0.0005,8.7e-10,4.3e-10,2.6e-10,1.6e-10,1.2e-10
Nd-151,0.207 h,0.005,3.4e-10,0.0005,2e-10,9.7e-11,5.7e-11,3.8e-11,3e-11
Pm-141,0.348 h,0.005,4.2e-10,0.0005,2.4e-10,1.2e-10,6.8e-11,4.6e-11,3.6e-11
Pm-143,265 d,0.005,1.9e-09,0.0005,1.2e-09,6.7e-10,4.4e-10,2.9e-10,2.3e-10
Pm-144,363 d,0.005,7.6e-09,0.0005,4.7e-09,2.7e-09,1.8e-09,1.2e-09,9.7e-10
Pm-145,17.7 a,0.005,1.5e-09,0.0005,6.8e-10,3.7e-10,2.3e-10,1.4e-10,1.1e-10
Pm-146,5.53 a,0.005,1e-08,0.0005,5.1e-09,2.8e-09,1.8e-09,1.1e-09,9e-10
Pm-147,2.62 a,0.005,3.6e-09,0.0005,1.9e-09,9.6e-10,5.7e-10,3.2e-10,2.6e-10
Pm-148,5.37 d,0.005,3e-08,0.0005,1.9e-08,9.7e-09,5.8e-09,3.3e-09,2.7e-09
Pm-148m,41.3 d,0.005,1.5e-08,0.0005,1e-08,5.5e-09,3.5e-09,2.2e-09,1.7e-09
Pm-149,2.21 d,0.005,1.2e-08,0.0005,7.4e-09,3.7e-09,2.2e-09,1.2e-09,9.9e-10
Pm-150,2.68 h,0.005,2.8e-09,0.0005,1.7e-09,8.7e-10,5.2e-10,3.2e-10,2.6e-10
Pm-151,1.18 d,0.005,8e-09,0.0005,5.1e-09,2.6e-09,1.6e-09,9.1e-10,7.3e-10
Sm-141,0.170 h,0.005,4.5e-10,0.0005,2.5e-10,1.3e-10,7.3e-11,5e-11,3.9e-11
Sm-141m,0.377 h,0.005,7e-10,0.0005,4e-10,2e-10,1.2e-10,8.2e-11,6.5e-11
Sm-142,1.21 h,0.005,2.2e-09,0.0005,1.3e-09,6.2e-10,3.6e-10,2.4e-10,1.9e-10
Sm-145,340 d,0.005,2.4e-09,0.0005,1.4e-09,7.3e-10,4.5e-10,2.7e-10,2.1e-10
Sm-146,1.03e8 a,0.005,1.5e-06,0.0005,1.5e-07,1e-07,7e-08,5.8e-08,5.4e-08
Sm-147,1.06e11 a,0.005,1.4e-06,0.0005,1.4e-07,9.2e-08,6.4e-08,5.2e-08,4.9e-08
Sm-151,90.0 a,0.005,1.5e-09,0.0005,6.4e-10,3.3e-10,2e-10,1.2e-10,9.8e-11
Sm-153,1.95 d,0.005,8.4e-09,0.0005,5.4e-09,2.7e-09,1.6e-09,9.2e-10,7.4e-10
Sm-155,0.368 h,0.005,3.6e-10,0.0005,2e-10,9.7e-11,5.5e-11,3.7e-11,2.9e-11
Sm-156,9.40 h,0.005,2.8e-09,0.0005,1.8e-09,9e-10,5.4e-10,3.1e-10,2.5e-10
Eu-145,5.94 d,0.005,5.1e-09,0.0005,3.7e-09,2.1e-09,1.4e-09,9.4e-10,7.5e-10
Eu-146,4.61 d,0.005,8.5e-09,0.0005,6.2e-09,3.6e-09,2.4e-09,1.6e-09,1.3e-09
Eu-147,24.0 d,0.005,3.7e-09,0.0005,2.5e-09,1.4e-09,8.9e-10,5.6e-10,4.4e-10
Eu-148,54.5 d,0.005,8.5e-09,0.0005,6e-09,3.5e-09,2.4e-09,1.6e-09,1.3e-09
Eu-149,93.1 d,0.005,9.7e-10,0.0005,6.3e-10,3.4e-10,2.1e-10,1.3e-10,1e-10
Eu-150,34.2 a,0.005,1.3e-08,0.0005,5.7e-09,3.4e-09,2.3e-09,1.5e-09,1.3e-09
Eu-150m,12.6 h,0.005,4.4e-09,0.0005,2.8e-09,1.4e-09,8.2e-10,4.7e-10,3.8e-10
Eu-152,13.3 a,0.005,1.6e-08,0.0005,7.4e-09,4.1e-09,2.6e-09,1.7e-09,1.4e-09
Eu-152m,9.32 h,0.005,5.7e-09,0.0005,3.6e-09,1.8e-09,1.1e-09,6.2e-10,5e-10
Eu-154,8.80 a,0.005,2.5e-08,0.0005,1.2e-08,6.5e-09,4.1e-09,2.5e-09,2e-09
Eu-155,4.96 a,0.005,4.3e-09,0.0005,2.2e-09,1.1e-09,6.8e-10,4e-10,3.2e-10
Eu-156,15.2 d,0.005,2.2e-08,0.0005,1.5e-08,7.5e-09,4.6e-09,2.7e-09,2.2e-09
Eu-157,15.1 h,0.005,6.7e-09,0.0005,4.3e-09,2.2e-09,1.3e-09,7.5e-10,6e-10
Eu-158,0.765 h,0.005,1.1e-09,0.0005,6.2e-10,3.1e-10,1.8e-10,1.2e-10,9.4e-11
Gd-145,0.382 h,0.005,4.5e-10,0.0005,2.6e-10,1.3e-10,8.1e-11,5.6e-11,4.4e-11
Gd-146,48.3 d,0.005,9.4e-09,0.0005,6e-09,3.2e-09,2e-09,1.2e-09,9.6e-10
Gd-147,1.59 d,0.005,4.5e-09,0.0005,3.2e-09,1.8e-09,1.2e-09,7.7e-10,6.1e-10
Gd-148,93.0 a,0.005,1.7e-06,0.0005,1.6e-07,1.1e-07,7.3e-08,5.9e-08,5.6e-08
Gd-149,9.40 d,0.005,4e-09,0.0005,2.7e-09,1.5e-09,9.3e-10,5.7e-10,4.5e-10
Gd-151,120 d,0.005,2.1e-09,0.0005,1.3e-09,6.8e-10,4.2e-10,2.4e-10,2e-10
Gd-152,1.08e14 a,0.005,1.2e-06,0.0005,1.2e-07,7.7e-08,5.3e-08,4.3e-08,4.1e-08
Gd-153,242 d,0.005,2.9e-09,0.0005,1.8e-09,9.4e-10,5.8e-10,3.4e-10,2.7e-10
Gd-159,18.6 h,0.005,5.7e-09,0.0005,3.6e-09,1.8e-09,1.1e-09,6.2e-10,4.9e-10
Tb-147,1.65 h,0.005,1.5e-09,0.0005,1e-09,5.4e-10,3.3e-10,2e-10,1.6e-10
Tb-149,4.15 h,0.005,2.4e-09,0.0005,1.5e-09,8e-10,5e-10,3.1e-10,2.5e-10
Tb-150,3.27 h,0.005,2.5e-09,0.0005,1.6e-09,8.3e-10,5.1e-10,3.2e-10,2.5e-10
Tb-151,17.6 h,0.005,2.7e-09,0.0005,1.9e-09,1e-09,6.7e-10,4.2e-10,3.4e-10
Tb-153,2.34 d,0.005,2.3e-09,0.0005,1.5e-09,8.2e-10,5.1e-10,3.1e-10,2.5e-10
Tb-154,21.4 h,0.005,4.7e-09,0.0005,3.4e-09,1.9e-09,1.3e-09,8.1e-10,6.5e-10
Tb-155,5.32 d,0.005,1.9e-09,0.0005,1.3e-09,6.8e-10,4.3e-10,2.6e-10,2.1e-10
Tb-156,5.34 d,0.005,9e-09,0.0005,6.3e-09,3.5e-09,2.3e-09,1.5e-09,1.2e-09
Tb-156m,1.02 d,0.005,1.5e-09,0.0005,1e-09,5.6e-10,3.5e-10,2.2e-10,1.7e-10
Tb‑156mʹ,5.00 h,0.005,8e-10,0.0005,5.2e-10,2.7e-10,1.7e-10,1e-10,8.1e-11
Tb-157,1.50e2 a,0.005,4.9e-10,0.0005,2.2e-10,1.1e-10,6.8e-11,4.1e-11,3.4e-11
Tb-158,1.50e2 a,0.005,1.3e-08,0.0005,5.9e-09,3.3e-09,2.1e-09,1.4e-09,1.1e-09
Tb-160,72.3 d,0.005,1.6e-08,0.0005,1e-08,5.4e-09,3.3e-09,2e-09,1.6e-09
Tb-161,6.91 d,0.005,8.3e-09,0.0005,5.3e-09,2.7e-09,1.6e-09,9e-10,7.2e-10
Dy-155,10.0 h,0.005,9.7e-10,0.0005,6.8e-10,3.8e-10,2.5e-10,1.6e-10,1.3e-10
Dy-157,8.10 h,0.005,4.4e-10,0.0005,3.1e-10,1.8e-10,1.2e-10,7.7e-11,6.1e-11
Dy-159,144 d,0.005,1e-09,0.0005,6.4e-10,3.4e-10,2.1e-10,1.3e-10,1e-10
Dy-165,2.33 h,0.005,1.3e-09,0.0005,7.9e-10,3.9e-10,2.3e-10,1.4e-10,1.1e-10
Dy-166,3.40 d,0.005,1.9e-08,0.0005,1.2e-08,6e-09,3.6e-09,2e-09,1.6e-09
Ho-155,0.800 h,0.005,3.8e-10,0.0005,2.3e-10,1.2e-10,7.1e-11,4.7e-11,3.7e-11
Ho-157,0.210 h,0.005,5.8e-11,0.0005,3.6e-11,1.9e-11,1.2e-11,8.1e-12,6.5e-12
Ho-159,0.550 h,0.005,7.1e-11,0.0005,4.3e-11,2.3e-11,1.4e-11,9.9e-12,7.9e-12
Ho-161,2.50 h,0.005,1.4e-10,0.0005,8.1e-11,4.2e-11,2.5e-11,1.6e-11,1.3e-11
Ho-162,0.250 h,0.005,3.5e-11,0.0005,2e-11,1e-11,6e-12,4.2e-12,3.3e-12
Ho-162m,1.13 h,0.005,2.4e-10,0.0005,1.5e-10,7.9e-11,4.9e-11,3.3e-11,2.6e-11
Ho-164,0.483 h,0.005,1.2e-10,0.0005,6.5e-11,3.2e-11,1.8e-11,1.2e-11,9.5e-12
Ho-164m,0.625 h,0.005,2e-10,0.0005,1.1e-10,5.5e-11,3.2e-11,2.1e-11,1.6e-11
Ho-166,1.12 d,0.005,1.6e-08,0.0005,1e-08,5.2e-09,3.1e-09,1.7e-09,1.4e-09
Ho-166m,1.20e3 a,0.005,2.6e-08,0.0005,9.3e-09,5.3e-09,3.5e-09,2.4e-09,2e-09
Ho-167,3.10 h,0.005,8.8e-10,0.0005,5.5e-10,2.8e-10,1.7e-10,1e-10,8.3e-11
Er-161,3.24 h,0.005,6.5e-10,0.0005,4.4e-10,2.4e-10,1.6e-10,1e-10,8e-11
Er-165,10.4 h,0.005,1.7e-10,0.0005,1.1e-10,6.2e-11,3.9e-11,2.4e-11,1.9e-11
Er-169,9.30 d,0.005,4.4e-09,0.0005,2.8e-09,1.4e-09,8.2e-10,4.7e-10,3.7e-10
Er-171,7.52 h,0.005,4e-09,0.0005,2.5e-09,1.3e-09,7.6e-10,4.5e-10,3.6e-10
Er-172,2.05 d,0.005,1e-08,0.0005,6.8e-09,3.5e-09,2.1e-09,1.3e-09,1e-09
Tm-162,0.362 h,0.005,2.9e-10,0.0005,1.7e-10,8.7e-11,5.2e-11,3.6e-11,2.9e-11
Tm-166,7.70 h,0.005,2.1e-09,0.0005,1.5e-09,8.3e-10,5.5e-10,3.5e-10,2.8e-10
Tm-167,9.24 d,0.005,6e-09,0.0005,3.9e-09,2e-09,1.2e-09,7e-10,5.6e-10
Tm-170,129 d,0.005,1.6e-08,0.0005,9.8e-09,4.9e-09,2.9e-09,1.6e-09,1.3e-09
Tm-171,1.92 a,0.005,1.5e-09,0.0005,7.8e-10,3.9e-10,2.3e-10,1.3e-10,1.1e-10
Tm-172,2.65 d,0.005,1.9e-08,0.0005,1.2e-08,6.1e-09,3.7e-09,2.1e-09,1.7e-09
Tm-173,8.24 h,0.005,3.3e-09,0.0005,2.1e-09,1.1e-09,6.5e-10,3.8e-10,3.1e-10
Tm-175,0.253 h,0.005,3.1e-10,0.0005,1.7e-10,8.6e-11,5e-11,3.4e-11,2.7e-11
Yb-162,0.315 h,0.005,2.2e-10,0.0005,1.3e-10,6.9e-11,4.2e-11,2.9e-11,2.3e-11
Yb-166,2.36 d,0.005,7.7e-09,0.0005,5.4e-09,2.9e-09,1.9e-09,1.2e-09,9.5e-10
Yb-167,0.292 h,0.005,7e-11,0.0005,4.1e-11,2.1e-11,1.2e-11,8.4e-12,6.7e-12
Yb-169,32.0 d,0.005,7.1e-09,0.0005,4.6e-09,2.4e-09,1.5e-09,8.8e-10,7.1e-10
Yb-175,4.19 d,0.005,5e-09,0.0005,3.2e-09,1.6e-09,9.5e-10,5.4e-10,4.4e-10
Yb-177,1.90 h,0.005,1e-09,0.0005,6.8e-10,3.4e-10,2e-10,1.1e-10,8.8e-11
Yb-178,1.23 h,0.005,1.4e-09,0.0005,8.4e-10,4.2e-10,2.4e-10,1.5e-10,1.2e-10
Lu-169,1.42 d,0.005,3.5e-09,0.0005,2.4e-09,1.4e-09,8.9e-10,5.7e-10,4.6e-10
Lu-170,2.00 d,0.005,7.4e-09,0.0005,5.2e-09,2.9e-09,1.9e-09,1.2e-09,9.9e-10
Lu-171,8.22 d,0.005,5.9e-09,0.0005,4e-09,2.2e-09,1.4e-09,8.5e-10,6.7e-10
Lu-172,6.70 d,0.005,1e-08,0.0005,7e-09,3.9e-09,2.5e-09,1.6e-09,1.3e-09
Lu-173,1.37 a,0.005,2.7e-09,0.0005,1.6e-09,8.6e-10,5.3e-10,3.2e-10,0.26
Lu-174,3.31 a,0.005,3.2e-09,0.0005,1.7e-09,9.1e-10,5.6e-10,3.3e-10,2.7e-10
Lu-174m,142 d,0.005,6.2e-09,0.0005,3.8e-09,1.9e-09,1.1e-09,6.6e-10,5.3e-10
Lu-176,3.60e10 a,0.005,2.4e-08,0.0005,1.1e-08,5.7e-09,3.5e-09,2.2e-09,1.8e-09
Lu-176m,3.68 h,0.005,2e-09,0.0005,1.2e-09,6e-10,3.5e-10,2.1e-10,1.7e-10
Lu-177,6.71 d,0.005,6.1e-09,0.0005,3.9e-09,2e-09,1.2e-09,6.6e-10,5.3e-10
Lu-177m,161 d,0.005,1.7e-08,0.0005,1.1e-08,5.8e-09,3.6e-09,2.1e-09,1.7e-09
Lu-178,0.473 h,0.005,5.9e-10,0.0005,3.3e-10,1.6e-10,9e-11,6.1e-11,4.7e-11
Lu-178m,0.378 h,0.005,4.3e-10,0.0005,2.4e-10,1.2e-10,7.1e-11,4.9e-11,3.8e-11
Lu-179,4.59 h,0.005,2.4e-09,0.0005,1.5e-09,7.5e-10,4.4e-10,2.6e-10,2.1e-10
Hf-170,16.0 h,0.02,3.9e-09,0.002,2.7e-09,1.5e-09,9.5e-10,6e-10,4.8e-10
Hf-172,1.87 a,0.02,1.9e-08,0.002,6.1e-09,3.3e-09,2e-09,1.3e-09,1e-09
Hf-173,24.0 h,0.02,1.9e-09,0.002,1.3e-09,7.2e-10,4.6e-10,2.8e-10,2.3e-10
Hf-175,70.0 d,0.02,3.8e-09,0.002,2.4e-09,1.3e-09,8.4e-10,5.2e-10,4.1e-10
Hf-177m,0.856 h,0.02,7.8e-10,0.002,4.7e-10,2.5e-10,1.5e-10,1e-10,8.1e-11
Hf-178m,31.0 a,0.02,7e-08,0.002,1.9e-08,1.1e-08,7.8e-09,5.5e-09,4.7e-09
Hf-179m,25.1 d,0.02,1.2e-08,0.002,7.8e-09,4.1e-09,2.6e-09,1.6e-09,1.2e-09
Hf-180m,5.50 h,0.02,1.4e-09,0.002,9.7e-10,5.3e-10,3.3e-10,2.1e-10,1.7e-10
Hf-181,42.4 d,0.02,1.2e-08,0.002,7.4e-09,3.8e-09,2.3e-09,1.4e-09,1.1e-09
Hf-182,9.00e6 a,0.02,5.6e-08,0.002,7.9e-09,5.4e-09,4e-09,3.3e-09,3e-09
Hf-182m,1.02 h,0.02,4.1e-10,0.002,2.5e-10,1.3e-10,7.8e-11,5.2e-11,4.2e-11
Hf-183,1.07 h,0.02,8.1e-10,0.002,4.8e-10,2.4e-10,1.4e-10,9.3e-11,7.3e-11
Hf-184,4.12 h,0.02,5.5e-09,0.002,3.6e-09,1.8e-09,1.1e-09,6.6e-10,5.2e-10
Ta-172,0.613 h,0.01,5.5e-10,0.001,3.2e-10,1.6e-10,9.8e-11,6.6e-11,5.3e-11
Ta-173,3.65 h,0.01,2e-09,0.001,1.3e-09,6.5e-10,3.9e-10,2.4e-10,1.9e-10
Ta-174,1.20 h,0.01,6.2e-10,0.001,3.7e-10,1.9e-10,1.1e-10,7.2e-11,5.7e-11
Ta-175,10.5 h,0.01,1.6e-09,0.001,1.1e-09,6.2e-10,4e-10,2.6e-10,2.1e-10
Ta-176,8.08 h,0.01,2.4e-09,0.001,1.7e-09,9.2e-10,6.1e-10,3.9e-10,3.1e-10
Ta-177,2.36 d,0.01,1e-09,0.001,6.9e-10,3.6e-10,2.2e-10,1.3e-10,1.1e-10
Ta-178,2.20 h,0.01,6.3e-10,0.001,4.5e-10,2.4e-10,1.5e-10,9.1e-11,7.2e-11
Ta-179,1.82 a,0.01,6.2e-10,0.001,4.1e-10,2.2e-10,1.3e-10,8.1e-11,6.5e-11
Ta-180,1.00e13 a,0.01,8.1e-09,0.001,5.3e-09,2.8e-09,1.7e-09,1.1e-09,8.4e-10
Ta-180m,8.10 h,0.01,5.8e-10,0.001,3.7e-10,1.9e-10,1.1e-10,6.7e-11,5.4e-11
Ta-182,115 d,0.01,1.4e-08,0.001,9.4e-09,5e-09,3.1e-09,1.9e-09,1.5e-09
Ta-182m,0.264 h,0.01,1.4e-10,0.001,7.5e-11,3.7e-11,2.1e-11,1.5e-11,1.2e-11
Ta-183,5.10 d,0.01,1.4e-08,0.001,9.3e-09,4.7e-09,2.8e-09,1.6e-09,1.3e-09
Ta-184,8.70 h,0.01,6.7e-09,0.001,4.4e-09,2.3e-09,1.4e-09,8.5e-10,6.8e-10
Ta-185,0.816 h,0.01,8.3e-10,0.001,4.6e-10,2.3e-10,1.3e-10,8.6e-11,6.8e-11
Ta-186,0.175 h,0.01,3.8e-10,0.001,2.1e-10,1.1e-10,6.1e-11,4.2e-11,3.3e-11
W-176,2.30 h,0.6,6.8e-10,0.3,5.5e-10,3e-10,2e-10,1.3e-10,1e-10
W-177,2.25 h,0.6,4.4e-10,0.3,3.2e-10,1.7e-10,1.1e-10,7.2e-11,5.8e-11
W-178,21.7 d,0.6,1.8e-09,0.3,1.4e-09,7.3e-10,4.5e-10,2.7e-10,2.2e-10
W-179,0.625 h,0.6,3.4e-11,0.3,2e-11,1e-11,6.2e-12,4.2e-12,3.3e-12
W-181,121 d,0.6,6.3e-10,0.3,4.7e-10,2.5e-10,1.6e-10,9.5e-11,7.6e-11
W-185,75.1 d,0.6,4.4e-09,0.3,3.3e-09,1.6e-09,9.7e-10,5.5e-10,4.4e-10
W-187,23.9 h,0.6,5.5e-09,0.3,4.3e-09,2.2e-09,1.3e-09,7.8e-10,6.3e-10
W-188,69.4 d,0.6,2.1e-08,0.3,1.5e-08,7.7e-09,4.6e-09,2.6e-09,2.1e-09
Re-177,0.233 h,1.0,2.5e-10,0.8,1.4e-10,7.2e-11,4.1e-11,2.8e-11,2.2e-11
Re-178,0.220 h,1.0,2.9e-10,0.8,1.6e-10,7.9e-11,4.6e-11,3.1e-11,2.5e-11
Re-181,20.0 h,1.0,4.2e-09,0.8,2.8e-09,1.4e-09,8.2e-10,5.4e-10,4.2e-10
Re-182,2.67 d,1.0,1.4e-08,0.8,8.9e-09,4.7e-09,2.8e-09,1.8e-09,1.4e-09
Re-182,12.7 h,1.0,2.4e-09,0.8,1.7e-09,8.9e-10,5.2e-10,3.5e-10,0.27
Re-184,38.0 d,1.0,8.9e-09,0.8,5.6e-09,3e-09,1.8e-09,1.3e-09,1e-09
Re-184m,165 d,1.0,1.7e-08,0.8,9.8e-09,4.9e-09,2.8e-09,1.9e-09,1.5e-09
Re-186,3.78 d,1.0,1.9e-08,0.8,1.1e-08,5.5e-09,3e-09,1.9e-09,1.5e-09
Re-186m,2.00e5 a,1.0,3e-08,0.8,1.6e-08,7.6e-09,4.4e-09,2.8e-09,2.2e-09
Re-187,5.00e10 a,1.0,6.8e-11,0.8,3.8e-11,1.8e-11,1e-11,6.6e-12,5.1e-12
Re-188,17.0 h,1.0,1.7e-08,0.8,1.1e-08,5.4e-09,2.9e-09,1.8e-09,1.4e-09
Re-188m,0.310 h,1.0,3.8e-10,0.8,2.3e-10,1.1e-10,6.1e-11,4e-11,3e-11
Re-189,1.01 d,1.0,9.8e-09,0.8,6.2e-09,3e-09,1.6e-09,1e-09,7.8e-10
Os-180,0.366 h,0.02,1.6e-10,0.01,9.8e-11,5.1e-11,3.2e-11,2.2e-11,1.7e-11
Os-181,1.75 h,0.02,7.6e-10,0.01,5e-10,2.7e-10,1.7e-10,1.1e-10,0.89
Os-182,22.0 h,0.02,4.6e-09,0.01,3.2e-09,1.7e-09,1.1e-09,7e-10,5.6e-10
Os-185,94.0 d,0.02,3.8e-09,0.01,2.6e-09,1.5e-09,9.8e-10,6.5e-10,5.1e-10
Os-189m,6.00 h,0.02,2.1e-10,0.01,1.3e-10,6.5e-11,3.8e-11,2.2e-11,1.8e-11
Os-191,15.4 d,0.02,6.3e-09,0.01,4.1e-09,2.1e-09,1.2e-09,7e-10,5.7e-10
Os-191m,13.0 h,0.02,1.1e-09,0.01,7.1e-10,3.5e-10,2.1e-10,1.2e-10,9.6e-11
Os-193,1.25 d,0.02,9.3e-09,0.01,6e-09,3e-09,1.8e-09,1e-09,8.1e-10
Os-194,6.00 a,0.02,2.9e-08,0.01,1.7e-08,8.8e-09,5.2e-09,3e-09,2.4e-09
Ir-182,0.250 h,0.02,5.3e-10,0.01,3e-10,1.5e-10,8.9e-11,6e-11,4.8e-11
Ir-184,3.02 h,0.02,1.5e-09,0.01,9.7e-10,5.2e-10,3.3e-10,2.1e-10,1.7e-10
Ir-185,14.0 h,0.02,2.4e-09,0.01,1.6e-09,8.6e-10,5.3e-10,3.3e-10,2.6e-10
Ir-186,15.8 h,0.02,3.8e-09,0.01,2.7e-09,1.5e-09,9.6e-10,6.1e-10,4.9e-10
Ir-186m,1.75 h,0.02,5.8e-10,0.01,3.6e-10,2.1e-10,1.3e-10,7.7e-11,6.1e-11
Ir-187,10.5 h,0.02,1.1e-09,0.01,7.3e-10,3.9e-10,2.5e-10,1.5e-10,1.2e-10
Ir-188,1.73 d,0.02,4.6e-09,0.01,3.3e-09,1.8e-09,1.2e-09,7.9e-10,6.3e-10
Ir-189,13.3 d,0.02,2.5e-09,0.01,1.7e-09,8.6e-10,5.2e-10,3e-10,2.4e-10
Ir-190,12.1 d,0.02,1e-08,0.01,7.1e-09,3.9e-09,2.5e-09,1.6e-09,1.2e-09
Ir-190m,3.10 h,0.02,9.4e-10,0.01,6.4e-10,3.5e-10,2.3e-10,1.5e-10,1.2e-10
Ir‑190mʹ,1.20 h,0.02,7.9e-11,0.01,5e-11,2.6e-11,1.6e-11,1e-11,8e-12
Ir-192,74.0 d,0.02,1.3e-08,0.01,8.7e-09,4.6e-09,2.8e-09,1.7e-09,1.4e-09
Ir-192m,2.41e2 a,0.02,2.8e-09,0.01,1.4e-09,8.3e-10,5.5e-10,3.7e-10,3.1e-10
Ir-193m,11.9 d,0.02,3.2e-09,0.01,2e-09,1e-09,6e-10,3.4e-10,0.27
Ir-194,19.1 h,0.02,1.5e-08,0.01,9.8e-09,4.9e-09,2.9e-09,1.7e-09,1.3e-09
Ir-194m,171 d,0.02,1.7e-08,0.01,1.1e-08,6.4e-09,4.1e-09,2.6e-09,2.1e-09
Ir-195,2.50 h,0.02,1.2e-09,0.01,7.3e-10,3.6e-10,2.1e-10,1.3e-10,1e-10
Ir-195m,3.80 h,0.02,2.3e-09,0.01,1.5e-09,7.3e-10,4.3e-10,2.6e-10,2.1e-10
Pt-186,2.00 h,0.02,7.8e-10,0.01,5.3e-10,2.9e-10,1.8e-10,1.2e-10,9.3e-11
Pt-188,10.2 d,0.02,6.7e-09,0.01,4.5e-09,2.4e-09,1.5e-09,9.5e-10,7.6e-10
Pt-189,10.9 h,0.02,1.1e-09,0.01,7.4e-10,3.9e-10,2.5e-10,1.5e-10,1.2e-10
Pt-191,2.80 d,0.02,3.1e-09,0.01,2.1e-09,1.1e-09,6.9e-10,4.2e-10,3.4e-10
Pt-193,50.0 a,0.02,3.7e-10,0.01,2.4e-10,1.2e-10,6.9e-11,3.9e-11,3.1e-11
Pt-193m,4.33 d,0.02,5.2e-09,0.01,3.4e-09,1.7e-09,9.9e-10,5.6e-10,4.5e-10
Pt-195m,4.02 d,0.02,7.1e-09,0.01,4.6e-09,2.3e-09,1.4e-09,7.9e-10,6.3e-10
Pt-197,18.3 h,0.02,4.7e-09,0.01,3e-09,1.5e-09,8.8e-10,5.1e-10,4e-10
Pt-197m,1.57 h,0.02,1e-09,0.01,6.1e-10,3e-10,1.8e-10,1.1e-10,8.4e-11
Pt-199,0.513 h,0.02,4.7e-10,0.01,2.7e-10,1.3e-10,7.5e-11,5e-11,3.9e-11
Pt-200,12.5 h,0.02,1.4e-08,0.01,8.8e-09,4.4e-09,2.6e-09,1.5e-09,1.2e-09
Au-193,17.6 h,0.2,1.2e-09,0.1,8.8e-10,4.6e-10,2.8e-10,1.7e-10,1.3e-10
Au-194,1.65 d,0.2,2.9e-09,0.1,2.2e-09,1.2e-09,8.1e-10,5.3e-10,4.2e-10
Au-195,183 d,0.2,2.4e-09,0.1,1.7e-09,8.9e-10,5.4e-10,3.2e-10,2.5e-10
Au-198,2.69 d,0.2,1e-08,0.1,7.2e-09,3.7e-09,2.2e-09,1.3e-09,1e-09
Au-198m,2.30 d,0.2,1.2e-08,0.1,8.5e-09,4.4e-09,2.7e-09,1.6e-09,1.3e-09
Au-199,3.14 d,0.2,4.5e-09,0.1,3.1e-09,1.6e-09,9.5e-10,5.5e-10,4.4e-10
Au-200,0.807 h,0.2,8.3e-10,0.1,4.7e-10,2.3e-10,1.3e-10,8.7e-11,6.8e-11
Au-200m,18.7 h,0.2,9.2e-09,0.1,6.6e-09,3.5e-09,2.2e-09,1.3e-09,1.1e-09
Au-201,0.440 h,0.2,3.1e-10,0.1,1.7e-10,8.2e-11,4.6e-11,3.1e-11,2.4e-11
Hg-193_org,3.50 h,1.0,3.3e-10,1.0,1.9e-10,9.8e-11,5.8e-11,3.9e-11,3.1e-11
,,0.8,4.7e-10,0.4,4.4e-10,2.2e-10,1.4e-10,8.3e-11,6.6e-11
Hg-193_inorg,3.50 h,0.04,8.5e-10,0.02,5.5e-10,2.8e-10,1.7e-10,1e-10,8.2e-11
Hg-193m_org,11.1 h,1.0,1.1e-09,1.0,6.8e-10,3.7e-10,2.3e-10,1.5e-10,1.3e-10
,,0.8,1.6e-09,0.4,1.8e-09,9.5e-10,6e-10,3.7e-10,3e-10
Hg-193m_inorg,11.1 h,0.04,3.6e-09,0.02,2.4e-09,1.3e-09,8.1e-10,5e-10,4e-10
Hg-194_org,2.60e2 a,1.0,1.3e-07,1.0,1.2e-07,8.4e-08,6.6e-08,5.5e-08,5.1e-08
,,0.8,1.1e-07,0.4,4.8e-08,3.5e-08,2.7e-08,2.3e-08,2.1e-08
Hg-194_inorg,2.60e2 a,0.04,7.2e-09,0.02,3.6e-09,2.6e-09,1.9e-09,1.5e-09,1.4e-09
Hg-195_org,9.90 h,1.0,3e-10,1.0,2e-10,1e-10,6.4e-11,4.2e-11,3.4e-11
,,0.8,4.6e-10,0.4,4.8e-10,2.5e-10,1.5e-10,9.3e-11,7.5e-11
Hg-195_inorg,9.90 h,0.04,9.5e-10,0.02,6.3e-10,3.3e-10,2e-10,1.2e-10,9.7e-11
Hg-195m_org,1.73 d,1.0,2.1e-09,1.0,1.3e-09,6.8e-10,4.2e-10,2.7e-10,2.2e-10
,,0.8,2.6e-09,0.4,2.8e-09,1.4e-09,8.7e-10,5.1e-10,4.1e-10
Hg-195m_inorg,1.73 d,0.04,5.8e-09,0.02,3.8e-09,2e-09,1.2e-09,7e-10,5.6e-10
Hg-197_org,2.67 d,1.0,9.7e-10,1.0,6.2e-10,3.1e-10,1.9e-10,1.2e-10,9.9e-11
,,0.8,1.3e-09,0.4,1.2e-09,6.1e-10,3.7e-10,2.2e-10,1.7e-10
Hg-197_inorg,2.67 d,0.04,2.5e-09,0.02,1.6e-09,8.3e-10,5e-10,2.9e-10,2.3e-10
Hg-197m,23.8 h,1.0,1.5e-09,1.0,9.5e-10,4.8e-10,2.9e-10,1.8e-10,1.5e-10
(organic),,0.8,2.2e-09,0.4,2.5e-09,1.2e-09,7.3e-10,4.2e-10,3.4e-10
Hg-197m_inorg,23.8 h,0.04,5.2e-09,0.02,3.4e-09,1.7e-09,1e-09,5.9e-10,4.7e-10
Hg-199m_org,0.710 h,1.0,3.4e-10,1.0,1.9e-10,9.3e-11,5.3e-11,3.6e-11,2.8e-11
,,0.8,3.6e-10,0.4,2.1e-10,1e-10,5.8e-11,3.9e-11,3.1e-11
Hg-199m_inorg,0.710 h,0.04,3.7e-10,0.02,2.1e-10,1e-10,5.9e-11,3.9e-11,3.1e-11
Hg-203_org,46.6 d,1.0,1.5e-08,1.0,1.1e-08,5.7e-09,3.6e-09,2.3e-09,1.9e-09
,,0.8,1.3e-08,0.4,6.4e-09,3.4e-09,2.1e-09,1.3e-09,1.1e-09
Hg-203_inorg,46.6 d,0.04,5.5e-09,0.02,3.6e-09,1.8e-09,1.1e-09,6.7e-10,5.4e-10
Tl-194,0.550 h,1.0,6.1e-11,1.0,3.9e-11,2.2e-11,1.4e-11,1e-11,8.1e-12
Tl-194m,0.546 h,1.0,3.8e-10,1.0,2.2e-10,1.2e-10,7e-11,4.9e-11,4e-11
Tl-195,1.16 h,1.0,2.3e-10,1.0,1.4e-10,7.5e-11,4.7e-11,3.3e-11,2.7e-11
Tl-197,2.84 h,1.0,2.1e-10,1.0,1.3e-10,6.7e-11,4.2e-11,2.8e-11,2.3e-11
Tl-198,5.30 h,1.0,4.7e-10,1.0,3.3e-10,1.9e-10,1.2e-10,8.7e-11,7.3e-11
Tl-198m,1.87 h,1.0,4.8e-10,1.0,3e-10,1.6e-10,9.7e-11,6.7e-11,5.4e-11
Tl-199,7.42 h,1.0,2.3e-10,1.0,1.5e-10,7.7e-11,4.8e-11,3.2e-11,2.6e-11
Tl-200,1.09 d,1.0,1.3e-09,1.0,9.1e-10,5.3e-10,3.5e-10,2.4e-10,2e-10
Tl-201,3.04 d,1.0,8.4e-10,1.0,5.5e-10,2.9e-10,1.8e-10,1.2e-10,9.5e-11
Tl-202,12.2 d,1.0,2.9e-09,1.0,2.1e-09,1.2e-09,7.9e-10,5.4e-10,4.5e-10
Tl-204,3.78 a,1.0,1.3e-08,1.0,8.5e-09,4.2e-09,2.5e-09,1.5e-09,1.2e-09
Pb-195m,0.263 h,0.6,2.6e-10,0.2,1.6e-10,8.4e-11,5.2e-11,3.5e-11,2.9e-11
Pb-198,2.40 h,0.6,5.9e-10,0.2,4.8e-10,2.7e-10,1.7e-10,1.1e-10,1e-10
Pb-199,1.50 h,0.6,3.5e-10,0.2,2.6e-10,1.5e-10,9.4e-11,6.3e-11,5.4e-11
Pb-200,21.5 h,0.6,2.5e-09,0.2,2e-09,1.1e-09,7e-10,4.4e-10,4e-10
Pb-201,9.40 h,0.6,9.4e-10,0.2,7.8e-10,4.3e-10,2.7e-10,1.8e-10,1.6e-10
Pb-202,3.00e5 a,0.6,3.4e-08,0.2,1.6e-08,1.3e-08,1.9e-08,2.7e-08,8.8e-09
Pb-202m,3.62 h,0.6,7.6e-10,0.2,6.1e-10,3.5e-10,2.3e-10,1.5e-10,1.3e-10
Pb-203,2.17 d,0.6,1.6e-09,0.2,1.3e-09,6.8e-10,4.3e-10,2.7e-10,2.4e-10
Pb-205,1.43e7 a,0.6,2.1e-09,0.2,9.9e-10,6.2e-10,6.1e-10,6.5e-10,2.8e-10
Pb-209,3.25 h,0.6,5.7e-10,0.2,3.8e-10,1.9e-10,1.1e-10,6.6e-11,5.7e-11
Pb-210,22.3 a,0.6,8.4e-06,0.2,3.6e-06,2.2e-06,1.9e-06,1.9e-06,6.9e-07
Pb-211,0.601 h,0.6,3.1e-09,0.2,1.4e-09,7.1e-10,4.1e-10,2.7e-10,1.8e-10
Pb-212,10.6 h,0.6,1.5e-07,0.2,6.3e-08,3.3e-08,2e-08,1.3e-08,6e-09
Pb-214,0.447 h,0.6,2.7e-09,0.2,1e-09,5.2e-10,3.1e-10,2e-10,1.4e-10
Bi-200,0.606 h,0.1,4.2e-10,0.05,2.7e-10,1.5e-10,9.5e-11,6.4e-11,5.1e-11
Bi-201,1.80 h,0.1,1e-09,0.05,6.7e-10,3.6e-10,2.2e-10,1.4e-10,1.2e-10
Bi-202,1.67 h,0.1,6.4e-10,0.05,4.4e-10,2.5e-10,1.6e-10,1.1e-10,8.9e-11
Bi-203,11.8 h,0.1,3.5e-09,0.05,2.5e-09,1.4e-09,9.3e-10,6e-10,4.8e-10
Bi-205,15.3 d,0.1,6.1e-09,0.05,4.5e-09,2.6e-09,1.7e-09,1.1e-09,9e-10
Bi-206,6.24 d,0.1,1.4e-08,0.05,1e-08,5.7e-09,3.7e-09,2.4e-09,1.9e-09
Bi-207,38.0 a,0.1,1e-08,0.05,7.1e-09,3.9e-09,2.5e-09,1.6e-09,1.3e-09
Bi-210,5.01 d,0.1,1.5e-08,0.05,9.7e-09,4.8e-09,2.9e-09,1.6e-09,1.3e-09
Bi-210m,3.00e6 a,0.1,2.1e-07,0.05,9.1e-08,4.7e-08,3e-08,1.9e-08,1.5e-08
Bi-212,1.01 h,0.1,3.2e-09,0.05,1.8e-09,8.7e-10,5e-10,3.3e-10,2.6e-10
Bi-213,0.761 h,0.1,2.5e-09,0.05,1.4e-09,6.7e-10,3.9e-10,2.5e-10,2e-10
Bi-214,0.332 h,0.1,1.4e-09,0.05,7.4e-10,3.6e-10,2.1e-10,1.4e-10,1.1e-10
Po-203,0.612 h,1.0,2.9e-10,0.5,2.4e-10,1.3e-10,8.5e-11,5.8e-11,4.6e-11
Po-205,1.80 h,1.0,3.5e-10,0.5,2.8e-10,1.6e-10,1.1e-10,7.2e-11,5.8e-11
Po-207,5.83 h,1.0,4.4e-10,0.5,5.7e-10,3.2e-10,2.1e-10,1.4e-10,0.11
Po-210,138 d,1.0,2.6e-05,0.5,8.8e-06,4.4e-06,2.6e-06,1.6e-06,1.2e-06
At-207,1.80 h,1.0,2.5e-09,1.0,1.6e-09,8e-10,4.8e-10,2.9e-10,2.4e-10
At-211,7.21 h,1.0,1.2e-07,1.0,7.8e-08,3.8e-08,2.3e-08,1.3e-08,1.1e-08
Fr-222,0.240 h,1.0,6.2e-09,1.0,3.9e-09,2e-09,1.3e-09,8.5e-10,7.2e-10
Fr-223,0.363 h,1.0,2.6e-08,1.0,1.7e-08,8.3e-09,5e-09,2.9e-09,2.4e-09
Ra-223,11.4 d,0.6,5.3e-06,0.2,1.1e-06,5.7e-07,4.5e-07,3.7e-07,1e-07
Ra-224,3.66 d,0.6,2.7e-06,0.2,6.6e-07,3.5e-07,2.6e-07,2e-07,6.5e-08
Ra-225,14.8 d,0.6,7.1e-06,0.2,1.2e-06,6.1e-07,5e-07,4.4e-07,9.9e-08
Ra-226,1.60e3 a,0.6,4.7e-06,0.2,9.6e-07,6.2e-07,8e-07,1.5e-06,2.8e-07
Ra-227,0.703 h,0.6,1.1e-09,0.2,4.3e-10,2.5e-10,1.7e-10,1.3e-10,8.1e-11
Ra-228,5.75 a,0.6,3e-05,0.2,5.7e-06,3.4e-06,3.9e-06,5.3e-06,6.9e-07
Ac-224,2.90 h,0.005,1e-08,0.0005,5.2e-09,2.6e-09,1.5e-09,8.8e-10,7e-10
Ac-225,10.0 d,0.005,4.6e-07,0.0005,1.8e-07,9.1e-08,5.4e-08,3e-08,2.4e-08
Ac-226,1.21 d,0.005,1.4e-07,0.0005,7.6e-08,3.8e-08,2.3e-08,1.3e-08,1e-08
Ac-227,21.8 a,0.005,3.3e-05,0.0005,3.1e-06,2.2e-06,1.5e-06,1.2e-06,1.1e-06
Ac-228,6.13 h,0.005,7.4e-09,0.0005,2.8e-09,1.4e-09,8.7e-10,5.3e-10,4.3e-10
Th-226,0.515 h,0.005,4.4e-09,0.0005,2.4e-09,1.2e-09,6.7e-10,4.5e-10,3.5e-10
Th-227,18.7 d,0.005,3e-07,0.0005,7e-08,3.6e-08,2.3e-08,1.5e-08,8.8e-09
Th-228,1.91 a,0.005,3.7e-06,0.0005,3.7e-07,2.2e-07,1.5e-07,9.4e-08,7.2e-08
Th-229,7.34e3 a,0.005,1.1e-05,0.0005,1e-06,7.8e-07,6.2e-07,5.3e-07,4.9e-07
Th-230,7.70e4 a,0.005,4.1e-06,0.0005,4.1e-07,3.1e-07,2.4e-07,2.2e-07,2.1e-07
Th-231,1.06 d,0.005,3.9e-09,0.0005,2.5e-09,1.2e-09,7.4e-10,4.2e-10,3.4e-10
Th-232,1.40e10 a,0.005,4.6e-06,0.0005,4.5e-07,3.5e-07,2.9e-07,2.5e-07,2.3e-07
Th-234,24.1 d,0.005,4e-08,0.0005,2.5e-08,1.3e-08,7.4e-09,4.2e-09,3.4e-09
Pa-227,0.638 h,0.005,5.8e-09,0.0005,3.2e-09,1.5e-09,8.7e-10,5.8e-10,4.5e-10
Pa-228,22.0 h,0.005,1.2e-08,0.0005,4.8e-09,2.6e-09,1.6e-09,9.7e-10,7.8e-10
Pa-230,17.4 d,0.005,2.6e-08,0.0005,5.7e-09,3.1e-09,1.9e-09,1.1e-09,9.2e-10
Pa-231,3.27e4 a,0.005,1.3e-05,0.0005,1.3e-06,1.1e-06,9.2e-07,8e-07,7.1e-07
Pa-232,1.31 d,0.005,6.3e-09,0.0005,4.2e-09,2.2e-09,1.4e-09,8.9e-10,7.2e-10
Pa-233,27.0 d,0.005,9.7e-09,0.0005,6.2e-09,3.2e-09,1.9e-09,1.1e-09,8.7e-10
Pa-234,6.70 h,0.005,5e-09,0.0005,3.2e-09,1.7e-09,1e-09,6.4e-10,5.1e-10
U-230,20.8 d,0.04,7.9e-07,0.02,3e-07,1.5e-07,1e-07,6.6e-08,5.6e-08
U-231,4.20 d,0.04,3.1e-09,0.02,2e-09,1e-09,6.1e-10,3.5e-10,2.8e-10
U-232,72.0 a,0.04,2.5e-06,0.02,8.2e-07,5.8e-07,5.7e-07,6.4e-07,3.3e-07
U-233,1.58e5 a,0.04,3.8e-07,0.02,1.4e-07,9.2e-08,7.8e-08,7.8e-08,5.1e-08
U-234,2.44e5 a,0.04,3.7e-07,0.02,1.3e-07,8.8e-08,7.4e-08,7.4e-08,4.9e-08
U-235,7.04e8 a,0.04,3.5e-07,0.02,1.3e-07,8.5e-08,7.1e-08,7e-08,4.7e-08
U-236,2.34e7 a,0.04,3.5e-07,0.02,1.3e-07,8.4e-08,7e-08,7e-08,4.7e-08
U-237,6.75 d,0.04,8.3e-09,0.02,5.4e-09,2.8e-09,1.6e-09,9.5e-10,7.6e-10
U-238,4.47e9 a,0.04,3.4e-07,0.02,1.2e-07,8e-08,6.8e-08,6.7e-08,4.5e-08
U-239,0.392 h,0.04,3.4e-10,0.02,1.9e-10,9.3e-11,5.4e-11,3.5e-11,2.7e-11
U-240,14.1 h,0.04,1.3e-08,0.02,8.1e-09,4.1e-09,2.4e-09,1.4e-09,1.1e-09
Np-232,0.245 h,0.005,8.7e-11,0.0005,5.1e-11,2.7e-11,1.7e-11,1.2e-11,9.7e-12
Np-233,0.603 h,0.005,2.1e-11,0.0005,1.3e-11,6.6e-12,4e-12,2.8e-12,2.2e-12
Np-234,4.40 d,0.005,6.2e-09,0.0005,4.4e-09,2.4e-09,1.6e-09,1e-09,8.1e-10
Np-235,1.08 a,0.005,7.1e-10,0.0005,4.1e-10,2e-10,1.2e-10,6.8e-11,5.3e-11
Np-236,1.15e5 a,0.005,1.9e-07,0.0005,2.4e-08,1.8e-08,1.8e-08,1.8e-08,1.7e-08
Np-236m,22.5 h,0.005,2.5e-09,0.0005,1.3e-09,6.6e-10,4e-10,2.4e-10,1.9e-10
Np-237,2.14e6 a,0.005,2e-06,0.0005,2.1e-07,1.4e-07,1.1e-07,1.1e-07,1.1e-07
Np-238,2.12 d,0.005,9.5e-09,0.0005,6.2e-09,3.2e-09,1.9e-09,1.1e-09,9.1e-10
Np-239,2.36 d,0.005,8.9e-09,0.0005,5.7e-09,2.9e-09,1.7e-09,1e-09,8e-10
Np-240,1.08 h,0.005,8.7e-10,0.0005,5.2e-10,2.6e-10,1.6e-10,1e-10,8.2e-11
Pu-234,8.80 h,0.005,2.1e-09,0.0005,1.1e-09,5.5e-10,3.3e-10,2e-10,1.6e-10
Pu-235,0.422 h,0.005,2.2e-11,0.0005,1.3e-11,6.5e-12,3.9e-12,2.7e-12,2.1e-12
Pu-236,2.85 a,0.005,2.1e-06,0.0005,2.2e-07,1.4e-07,1e-07,8.5e-08,8.7e-08
Pu-237,45.3 d,0.005,1.1e-09,0.0005,6.9e-10,3.6e-10,2.2e-10,1.3e-10,1e-10
Pu-238,87.7 a,0.005,4e-06,0.0005,4e-07,3.1e-07,2.4e-07,2.2e-07,2.3e-07
Pu-239,2.41e4 a,0.005,4.2e-06,0.0005,4.2e-07,3.3e-07,2.7e-07,2.4e-07,2.5e-07
Pu-240,6.54e3 a,0.005,4.2e-06,0.0005,4.2e-07,3.3e-07,2.7e-07,2.4e-07,2.5e-07
Pu-241,14.4 a,0.005,5.6e-08,0.0005,5.7e-09,5.5e-09,5.1e-09,4.8e-09,4.8e-09
Pu-242,3.76e5 a,0.005,4e-06,0.0005,4e-07,3.2e-07,2.6e-07,2.3e-07,2.4e-07
Pu-243,4.95 h,0.005,1e-09,0.0005,6.2e-10,3.1e-10,1.8e-10,1.1e-10,8.5e-11
Pu-244,8.26e7 a,0.005,4e-06,0.0005,4.1e-07,3.2e-07,2.6e-07,2.3e-07,2.4e-07
Pu-245,10.5 h,0.005,8e-09,0.0005,5.1e-09,2.6e-09,1.5e-09,8.9e-10,7.2e-10
Pu-246,10.9 d,0.005,3.6e-08,0.0005,2.3e-08,1.2e-08,7.1e-09,4.1e-09,3.3e-09
Am-237,1.22 h,0.005,1.7e-10,0.0005,1e-10,5.5e-11,3.3e-11,2.2e-11,1.8e-11
Am-238,1.63 h,0.005,2.5e-10,0.0005,1.6e-10,9.1e-11,5.9e-11,4e-11,3.2e-11
Am-239,11.9 h,0.005,2.6e-09,0.0005,1.7e-09,8.4e-10,5.1e-10,3e-10,2.4e-10
Am-240,2.12 d,0.005,4.7e-09,0.0005,3.3e-09,1.8e-09,1.2e-09,7.3e-10,5.8e-10
Am-241,4.32e2 a,0.005,3.7e-06,0.0005,3.7e-07,2.7e-07,2.2e-07,2e-07,2e-07
Am-242,16.0 h,0.005,5e-09,0.0005,2.2e-09,1.1e-09,6.4e-10,3.7e-10,3e-10
Am-242m,1.52e2 a,0.005,3.1e-06,0.0005,3e-07,2.3e-07,2e-07,1.9e-07,1.9e-07
Am-243,7.38e3 a,0.005,3.6e-06,0.0005,3.7e-07,2.7e-07,2.2e-07,2e-07,2e-07
Am-244,10.1 h,0.005,4.9e-09,0.0005,3.1e-09,1.6e-09,9.6e-10,5.8e-10,4.6e-10
Am-244m,0.433 h,0.005,3.7e-10,0.0005,2e-10,9.6e-11,5.5e-11,3.7e-11,2.9e-11
Am-245,2.05 h,0.005,6.8e-10,0.0005,4.5e-10,2.2e-10,1.3e-10,7.9e-11,6.2e-11
Am-246,0.650 h,0.005,6.7e-10,0.0005,3.8e-10,1.9e-10,1.1e-10,7.3e-11,5.8e-11
Am-246m,0.417 h,0.005,3.9e-10,0.0005,2.2e-10,1.1e-10,6.4e-11,4.4e-11,3.4e-11
Cm-238,2.40 h,0.005,7.8e-10,0.0005,4.9e-10,2.6e-10,1.6e-10,1e-10,8e-11
Cm-240,27.0 d,0.005,2.2e-07,0.0005,4.8e-08,2.5e-08,1.5e-08,9.2e-09,7.6e-09
Cm-241,32.8 d,0.005,1.1e-08,0.0005,5.7e-09,3e-09,1.9e-09,1.1e-09,9.1e-10
Cm-242,163 d,0.005,5.9e-07,0.0005,7.6e-08,3.9e-08,2.4e-08,1.5e-08,1.2e-08
Cm-243,28.5 a,0.005,3.2e-06,0.0005,3.3e-07,2.2e-07,1.6e-07,1.4e-07,1.5e-07
Cm-244,18.1 a,0.005,2.9e-06,0.0005,2.9e-07,1.9e-07,1.4e-07,1.2e-07,1.2e-07
Cm-245,8.50e3 a,0.005,3.7e-06,0.0005,3.7e-07,2.8e-07,2.3e-07,2.1e-07,2.1e-07
Cm-246,4.73e3 a,0.005,3.7e-06,0.0005,3.7e-07,2.8e-07,2.2e-07,2.1e-07,2.1e-07
Cm-247,1.56e7 a,0.005,3.4e-06,0.0005,3.5e-07,2.6e-07,2.1e-07,1.9e-07,1.9e-07
Cm-248,3.39e5 a,0.005,1.4e-05,0.0005,1.4e-06,1e-06,8.4e-07,7.7e-07,7.7e-07
Cm-249,1.07 h,0.005,3.9e-10,0.0005,2.2e-10,1.1e-10,6.1e-11,4e-11,3.1e-11
Cm-250,6.90e3 a,0.005,7.8e-05,0.0005,8.2e-06,6e-06,4.9e-06,4.4e-06,4.4e-06
Bk-245,4.94 d,0.005,6.1e-09,0.0005,3.9e-09,2e-09,1.2e-09,7.2e-10,5.7e-10
Bk-246,1.83 d,0.005,3.7e-09,0.0005,2.6e-09,1.4e-09,9.4e-10,6e-10,4.8e-10
Bk-247,1.38e3 a,0.005,8.9e-06,0.0005,8.6e-07,6.3e-07,4.6e-07,3.8e-07,3.5e-07
Bk-249,320 d,0.005,2.2e-08,0.0005,2.9e-09,1.9e-09,1.4e-09,1.1e-09,9.7e-10
Bk-250,3.22 h,0.005,1.5e-09,0.0005,8.5e-10,4.4e-10,2.7e-10,1.7e-10,1.4e-10
Cf-244,0.323 h,0.005,9.8e-10,0.0005,4.8e-10,2.4e-10,1.3e-10,8.9e-11,7e-11
Cf-246,1.49 d,0.005,5e-08,0.0005,2.4e-08,1.2e-08,7.3e-09,4.1e-09,3.3e-09
Cf-248,334 d,0.005,1.5e-06,0.0005,1.6e-07,9.9e-08,6e-08,3.3e-08,2.8e-09
Cf-249,3.50e2 a,0.005,9e-06,0.0005,8.7e-07,6.4e-07,4.7e-07,3.8e-07,3.5e-07
Cf-250,13.1 a,0.005,5.7e-06,0.0005,5.5e-07,3.7e-07,2.3e-07,1.7e-07,1.6e-07
Cf-251,8.98e2 a,0.005,9.1e-06,0.0005,8.8e-07,6.5e-07,4.7e-07,3.9e-07,3.6e-07
Cf-252,2.64 a,0.005,5e-06,0.0005,5.1e-07,3.2e-07,1.9e-07,1e-07,9e-08
Cf-253,17.8 d,0.005,1e-07,0.0005,1.1e-08,6e-09,3.7e-09,1.8e-09,1.4e-09
Cf-254,60.5 d,0.005,1.1e-05,0.0005,2.6e-06,1.4e-06,8.4e-07,5e-07,4e-07
Es-250,2.10 h,0.005,2.3e-10,0.0005,9.9e-11,5.7e-11,3.7e-11,2.6e-11,2.1e-11
Es-251,1.38 d,0.005,1.9e-09,0.0005,1.2e-09,6.1e-10,3.7e-10,2.2e-10,1.7e-10
Es-253,20.5 d,0.005,1.7e-07,0.0005,4.5e-08,2.3e-08,1.4e-08,7.6e-09,6.1e-09
Es-254,276 d,0.005,1.4e-06,0.0005,1.6e-07,9.8e-08,6e-08,3.3e-08,2.8e-08
Es-254m,1.64 d,0.005,5.7e-08,0.0005,3e-08,1.5e-08,9.1e-09,5.2e-09,4.2e-09
Fm-252,22.7 h,0.005,3.8e-08,0.0005,2e-08,9.9e-09,5.9e-09,3.3e-09,2.7e-09
Fm-253,3.00 d,0.005,2.5e-08,0.0005,6.7e-09,3.4e-09,2.1e-09,1.1e-09,9.1e-10
Fm-254,3.24 h,0.005,5.6e-09,0.0005,3.2e-09,1.6e-09,9.3e-10,5.6e-10,4.4e-10
Fm-255,20.1 h,0.005,3.3e-08,0.0005,1.9e-08,9.5e-09,5.6e-09,3.2e-09,2.5e-09
Fm-257,101 d,0.005,9.8e-07,0.0005,1.1e-07,6.5e-08,4e-08,1.9e-08,1.5e-08
Md-257,5.20 h,0.005,3.1e-09,0.0005,8.8e-10,4.5e-10,2.7e-10,1.5e-10,1.2e-10
Md-258,55.0 d,0.005,6.3e-07,0.0005,8.9e-08,5e-08,3e-08,1.6e-08,1.3e-08
