Mg-27,9.462 m,1,3.0E-10,0.5,1.4E-10,6.7E-11,3.9E-11,2.7E-11,2.1E-11
Al-28,2.2414 m,0.02,1.5E-10,0.01,6.5E-11,3.2E-11,1.8E-11,1.3E-11,9.9E-12
Al-29,6.56 m,0.02,3.1E-10,0.01,1.4E-10,6.8E-11,3.9E-11,2.7E-11,2.1E-11
P-30,2.498 m,1,1.8E-10,0.8,8.1E-11,4.0E-11,2.3E-11,1.6E-11,1.2E-11
S-37_inorg,5.05 m,1,2.1E-10,1,9.8E-11,4.9E-11,2.8E-11,2.0E-11,1.5E-11
S-37_org,5.05 m,1,2.1E-10,1,9.8E-11,4.9E-11,2.8E-11,2.0E-11,1.5E-11
S-38_inorg,170.3 m,1,3.8E-09,1,1.9E-09,9.9E-10,6.2E-10,4.3E-10,3.4E-10
S-38_org,170.3 m,1,3.6E-09,1,1.7E-09,8.6E-10,5.0E-10,3.3E-10,2.7E-10
Cl-34m,32.00 m,1,1.5E-09,1,6.7E-10,3.3E-10,1.9E-10,1.3E-10,1.0E-10
Cl-40,1.35 m,1,1.2E-10,1,5.5E-11,2.7E-11,1.6E-11,1.1E-11,8.5E-12
K-38,7.636 m,1,4.6E-10,1,2.1E-10,1.0E-10,6.0E-11,4.2E-11,3.3E-11
Ca-49,8.718 m,0.6,5.4E-10,0.3,2.5E-10,1.3E-10,7.3E-11,4.9E-11,3.9E-11
Ti-51,5.76 m,0.02,2.3E-10,0.01,1.0E-10,5.1E-11,2.9E-11,2.0E-11,1.5E-11
V-50,1.5E+17 y,0.02,1.7E-08,0.01,9.0E-09,6.7E-09,5.4E-09,4.6E-09,4.2E-09
V-52,3.743 m,0.02,2.0E-10,0.01,9.1E-11,4.5E-11,2.6E-11,1.8E-11,1.4E-11
V-53,1.61 m,0.02,8.5E-11,0.01,3.8E-11,1.9E-11,1.1E-11,7.3E-12,5.7E-12
Cr-55,3.497 m, 0.2, 1.9e-10, 0.1, 8.2E-11,3.9E-11,2.2E-11,1.5E-11,1.2E-11
Cr-55,3.497 m, 0.02, 1.9e-10, 0.01, 8.2E-11,3.9E-11,2.2E-11,1.5E-11,1.2E-11
Cr-56,5.94 m,0.2,2.9E-10,0.1,1.4E-10,7.0E-11,4.1E-11,2.6E-11,2.1E-11
Cr-56,5.94 m,0.02,3.0e-10,0.01,1.4E-10,7.1E-11,4.1E-11,2.7E-11,2.1E-11
Mn-57,1.42333 m,0.2,8.0E-11,0.1,3.5E-11,1.7E-11,9.6E-12,6.5E-12,5.1E-12
Mn-58m,1.08666 m,0.2,1.0E-10,0.1,4.6E-11,2.2E-11,1.3E-11,8.9E-12,7.0E-12
Fe-53,8.51 m,0.6,4.3E-10,0.1,2.0E-10,9.6E-11,5.8E-11,3.8E-11,3.0E-11
Co-62,1.50 m,0.6,1.3E-10,0.1,5.7E-11,2.8E-11,1.6E-11,1.1E-11,8.6E-12
Cu-62,9.74 m,1,5.6E-10,0.5,2.5E-10,1.2E-10,7.0E-11,4.8E-11,3.7E-11
Cu-66,5.088 m,1,2.6E-10,0.5,1.1E-10,5.5E-11,3.1E-11,2.1E-11,1.6E-11
As-68,2.52666 m,1,2.7E-10,0.5,1.2E-10,6.0E-11,3.5E-11,2.4E-11,1.9E-11
As-79,9.01 m,1,3.7E-10,0.5,1.6E-10,7.9E-11,4.5E-11,3.0E-11,2.4E-11
Se-71,4.74 m,1,3.3E-10,0.8,1.5E-10,7.4E-11,4.3E-11,2.9E-11,2.3E-11
Se-72,8.40 d,1,7.7E-08,0.8,4.4E-08,2.8E-08,2.1E-08,7.0E-09,5.1E-09
Se-79m,3.92 m,1,1.6E-11,0.8,6.9E-12,3.3E-12,1.9E-12,1.3E-12,1.0E-12
Be-77m,4.28 m,1,1.9E-11,1,8.5E-12,4.2E-12,2.4E-12,1.6E-12,1.3E-12
Br-78,6.46 m,1,3.2E-10,1,1.4E-10,6.9E-11,4.0E-11,2.7E-11,2.1E-11
Br-82m,6.13 m,1,3.2E-11,1,1.6E-11,8.5E-12,5.1E-12,3.5E-12,2.8E-12
Br-84m,6.0 m,1,2.8E-10,1,1.3E-10,6.4E-11,3.8E-11,2.6E-11,2.1E-11
Rb-77,3.77 m,1,3.8E-10,1,1.7E-10,8.3E-11,4.8E-11,3.3E-11,2.6E-11
Rb-78,17.66 m,1,9.6E-10,1,4.4E-10,2.2E-10,1.3E-10,8.9E-11,7.0E-11
Rb-82,1.273 m,1,9.5E-11,1,4.2E-11,2.1E-11,1.2E-11,8.1E-12,6.3E-12
Rb-84m,20.26 m,1,8.3E-11,1,4.1E-11,2.1E-11,1.3E-11,8.8E-12,7.1E-12
Rb-86m,1.017 m,1,3.1E-12,1,1.7E-12,9.3E-13,5.9E-13,4.1E-13,3.3E-13
Rb-90,2.63333 m,1,2.7E-10,1,1.2E-10,5.9E-11,3.4E-11,2.3E-11,1.8E-11
Rb-90m,4.3 m,1,3.2E-10,1,1.5E-10,7.3E-11,4.2E-11,2.9E-11,2.3E-11
Y-83,7.08 m,0.001,4.7E-10,1E-04,2.1E-10,1.1E-10,6.1E-11,4.1E-11,3.2E-11
Y-83m,2.85 m,0.001,2.0E-10,1E-04,9.0E-11,4.4E-11,2.5E-11,1.7E-11,1.4E-11
Y-84m,40 m,0.001,1.5E-09,1E-04,7.4E-10,3.8E-10,2.3E-10,1.6E-10,1.2E-10
Y-85,2.68 h,0.001,2.3E-09,1E-04,1.2E-09,6.3E-10,3.8E-10,2.4E-10,1.9E-10
Y-85m,4.86 h,0.001,4.7E-09,1E-04,2.5E-09,1.3E-09,7.9E-10,4.8E-10,3.8E-10
Y-87m,13.37 h,0.001,2.4E-09,1E-04,1.4E-09,7.3E-10,4.6E-10,2.8E-10,2.2E-10
Zr-85,7.86 m,0.02,6.1E-10,0.01,2.9E-10,1.4E-10,8.2E-11,5.5E-11,4.3E-11
Zr-87,1.68 h,0.02,2.6E-09,0.01,1.3E-09,6.6E-10,3.9E-10,2.5E-10,2.0E-10
Zr-89m,4.18 m,0.02,1.9E-11,0.01,1.0E-11,5.5E-12,3.5E-12,2.4E-12,1.9E-12
Nb-88m,7.8 m,0.02,5.8E-10,0.01,2.7E-10,1.3E-10,7.8E-11,5.4E-11,4.2E-11
Nb-91,6.8E+2 y,0.02,7.1E-10,0.01,3.6E-10,1.8E-10,1.0E-10,5.9E-11,4.6E-11
Nb-91m,60.86 d,0.02,5.8E-09,0.01,3.0E-09,1.5E-09,9.0E-10,5.1E-10,4.1E-10
Nb-92,3.47E+7 y,0.02,7.9E-09,0.01,4.7E-09,2.8E-09,1.9E-09,1.3E-09,1.0E-09
Nb-92m,10.15 d,0.02,3.8E-09,0.01,2.4E-09,1.4E-09,9.5E-10,6.3E-10,5.0E-10
Nb-94m,6.26 m,0.02,1.1E-11,0.01,4.9E-12,2.4E-12,1.3E-12,9.1E-13,7.1E-13
Mo-91,15.49 m,1,9.0E-10,1,4.0E-10,2.0E-10,1.1E-10,7.7E-11,6.0E-11
Mo-102,11.3 m,1,1.1E-09,1,4.8E-10,2.3E-10,1.3E-10,8.9E-11,6.9E-11
Tc-102m,4.35 m,1,1.9E-10,0.5,8.8E-11,4.4E-11,2.6E-11,1.8E-11,1.4E-11
Ru-95,1.643 h,0.1,5.5E-10,0.05,3.2E-10,1.8E-10,1.2E-10,7.8E-11,6.3E-11
Rh-97,30.7 m,0.1,6.3E-10,0.05,3.0E-10,1.5E-10,9.1E-11,6.2E-11,4.9E-11
Rh-97m,46.2 m,0.1,5.1E-10,0.05,2.7E-10,1.4E-10,9.0E-11,6.1E-11,4.8E-11
Rh-98,8.7 m,0.1,5.3E-10,0.05,2.4E-10,1.2E-10,6.9E-11,4.7E-11,3.7E-11
Rh-100m,4.6 m,0.1,3.8E-11,0.05,2.1E-11,1.1E-11,7.1E-12,4.7E-12,3.7E-12
Pd-98,17.7 m,0.05,8.7E-10,0.005,4.1E-10,2.0E-10,1.2E-10,8.0E-11,6.3E-11
Pd-99,21.4 m,0.05,4.5E-10,0.005,2.2E-10,1.1E-10,6.6E-11,4.5E-11,3.6E-11
Pd-109m,4.69 m,0.05,6.2E-11,0.005,3.2E-11,1.6E-11,9.5E-12,5.7E-12,4.5E-12
Pd-111,23.4 m,0.05,7.7E-10,0.005,3.5E-10,1.7E-10,9.6E-11,6.4E-11,5.0E-11
Pd-112,21.03 h,0.05,3.4E-08,0.005,1.9E-08,9.5E-09,5.7E-09,3.2E-09,2.6E-09
Ag-101,11.1 m,0.1,4.5E-10,0.05,2.1E-10,1.0E-10,6.0E-11,4.1E-11,3.2E-11
Ag-105m,7.23 m,0.1,8.8E-12,0.05,3.9E-12,1.9E-12,1.1E-12,7.5E-13,5.8E-13
Ag-108,2.37 m,0.1,7.2E-11,0.05,3.2E-11,1.5E-11,8.6E-12,5.9E-12,4.6E-12
Ag-111m,1.08 m,0.1,4.9E-12,0.05,2.3E-12,1.1E-12,6.6E-13,4.2E-13,3.3E-13
Ag-113,5.37 h,0.1,5.6E-09,0.05,3.0E-09,1.5E-09,8.8E-10,5.1E-10,4.1E-10
Ag-113m,1.145 m,0.1,2.7E-11,0.05,1.3E-11,6.4E-12,3.7E-12,2.4E-12,1.9E-12
Cd-105,55.5 m,0.1,5.1E-10,0.05,2.6E-10,1.3E-10,8.3E-11,5.5E-11,4.4E-11
Cd-111m,48.54 m,0.1,1.8E-10,0.05,8.9E-11,4.5E-11,2.7E-11,1.8E-11,1.4E-11
Cd-113m,14.1 y,0.1,1.2E-07,0.05,5.6E-08,3.8E-08,2.9E-08,2.4E-08,2.3E-08
Cd-J18,50.3m,0.1,2.9E-09,0.05,1.4E-09,6.7E-10,3.8E-10,2.5E-10,1.9E-10
In-107,32.4m,0.04,5.1E-10,0.02,2.6E-10,1.3E-10,7.9E-11,5.2E-11,4.1E-11
In-108,58.0m,0.04,7.3E-10,0.02,4.1E-10,2.3E-10,1.5E-10,1.0E-10,8.3E-11
In-108m,39.6m,0.04,1.1E-09,0.02,5.2E-10,2.7E-10,1.6E-10,1.1E-10,8.5E-11
In-109m,1.34m,0.04,7.6E-12,0.02,4.1E-12,2.2E-12,1.4E-12,9.8E-13,7.8E-13
In-111m,7.7m,0.04,3.7E-11,0.02,1.8E-11,9.6E-12,5.9E-12,4.1E-12,3.2E-12
In-112m,20.56m,0.04,2.5E-10,0.02,1.2E-10,5.8E-11,3.3E-11,2.2E-11,1.7E-11
In-114,1.19833m,0.04,4.7E-11,0.02,2.1E-11,1.0E-11,5.6E-12,3.8E-12,3.0E-12
In-118m,4.364m,0.04,1.6E-10,0.02,7.6E-11,3.9E-11,2.3E-11,1.6E-11,1.3E-11
In-119,2.4m,0.04,8.1E-11,0.02,3.6E-11,1.8E-11,1.0E-11,7.0E-12,5.5E-12
Sn-108,10.30m,0.04,2.8E-10,0.02,1.4E-10,7.2E-11,4.4E-11,2.9E-11,2.3E-11
Sn-109,18.0m,0.04,1.7E-10,0.02,9.5E-11,5.3E-11,3.5E-11,2.4E-11,1.9E-11
Sn-113m,21.4m,0.04,5.0E-11,0.02,2.3E-11,1.1E-11,6.3E-12,4.2E-12,3.3E-12
Sn-125m,9.52m,0.04,3.4E-10,0.02,1.5E-10,7.3E-11,4.1E-11,2.8E-11,2.2E-11
Sb-114,3.49m,0.2,2.2E-10,0.1,9.8E-11,4.9E-11,2.8E-11,2.0E-11,1.5E-11
Sb-118,3.6m,0.2,1.6E-10,0.1,7.1E-11,3.5E-11,2.0E-11,1.4E-11,1.1E-11
Sb-122m,4.191m,0.2,4.2E-11,0.1,2.2E-11,1.1E-11,6.5E-12,4.0E-12,3.2E-12
Sb-124m,1.55m,0.2,1.1E-11,0.1,5.1E-12,2.6E-12,1.5E-12,1.1E-12,8.5E-13
Te-117,62m,0.6,5.5E-10,0.3,3.1E-10,1.6E-10,1.0E-10,6.8E-11,5.4E-11
Te-118,6.00d,0.6,3.5E-08,0.3,2.2E-08,1.1E-08,6.6E-09,3.9E-09,3.0E-09
Te-119,16.03h,0.6,1.2E-09,0.3,9.3E-10,5.3E-10,3.5E-10,2.2E-10,1.8E-10
Te-119m,4.70d,0.6,5.1E-09,0.3,3.6E-09,2.1E-09,1.4E-09,9.1E-10,7.3E-10
I-118,13.7m,1,2.4E-09,1,1.6E-09,8.6E-10,4.4E-10,2.9E-10,2.0E-10
I-119,19.1m,1,5.8E-10,1,3.2E-10,1.7E-10,9.0E-11,6.1E-11,4.6E-11
I-122,3.63m,1,2.0E-10,1,9.0E-11,4.4E-11,2.5E-11,1.7E-11,1.4E-11
Cs-126,1.64m,1,1.1E-10,1,5.0E-11,2.5E-11,1.4E-11,9.7E-12,7.6E-12
Cs-128,3.62m,1,1.6E-10,1,7.1E-11,3.5E-11,2.0E-11,1.4E-11,1.1E-11
Cs-130m,3.46m,1,5.9E-11,1,2.7E-11,1.3E-11,7.7E-12,5.2E-12,4.1E-12
Cs-139,9.27m,1,8.0E-10,1,3.6E-10,1.7E-10,9.7E-11,6.6E-11,5.2E-11
Ba-124,11.0 m,0.6,1.0E-09,0.2,4.6E-10,2.3E-10,1.3E-10,8.8E-11,6.9E-11
Ba-127,12.7 m,0.6,3.4E-10,0.2,1.6E-10,8.0E-11,4.6E-11,3.2E-11,2.5E-11
Ba-129,2.23 h,0.6,5.0E-10,0.2,3.1E-10,1.6E-10,9.7E-11,6.1E-11,5.1E-11
Ba-129m,2.16 h,0.6,5.1E-10,0.2,3.6E-10,2.1E-10,1.4E-10,9.0E-11,7.6E-11
Ba-137m,2.552 m,0.6,1.2E-11,0.2,5.7E-12,3.0E-12,1.8E-12,1.3E-12,1.0E-12
La-129,11.6 m,0.005,3.7E-10,5E-04,1.7E-10,8.6E-11,5.1E-11,3.4E-11,2.7E-11
La-130,8.7 m,0.005,4.6E-10,5E-04,2.1E-10,1.0E-10,6.0E-11,4.1E-11,3.3E-11
La-132m,24.3 m,0.005,4.4E-10,5E-04,2.3E-10,1.2E-10,7.5E-11,4.7E-11,3.8E-11
La-133,3.912 h,0.005,5.6E-10,5E-04,3.0E-10,1.6E-10,9.4E-11,5.8E-11,4.6E-11
La-134,6.45 m,0.005,2.3E-10,5E-04,1.1E-10,5.1E-11,3.0E-11,2.0E-11,1.6E-11
La-136,9.87 m,0.005,1.4E-10,5E-04,6.2E-11,3.1E-11,1.8E-11,1.2E-11,9.6E-12
Ce-130,22.9 m,0.005,9.6E-10,5E-04,4.5E-10,2.3E-10,1.4E-10,9.1E-11,7.2E-11
Ce-131,10.2 m,0.005,3.7E-10,5E-04,1.7E-10,8.7E-11,5.2E-11,3.5E-11,2.8E-11
Ce-131m,5.0 m,0.005,2.5E-10,5E-04,1.1E-10,5.7E-11,3.3E-11,2.2E-11,1.8E-11
Ce-132,3.51 h,0.005,3.8E-09,5E-04,2.2E-09,1.1E-09,7.0E-10,4.2E-10,3.4E-10
Ce-133,97 m,0.005,1.2E-09,5E-04,6.0E-10,3.1E-10,1.8E-10,1.1E-10,9.1E-11
Ce-133m,4.9 h,0.005,2.1E-09,5E-04,1.2E-09,6.9E-10,4.4E-10,2.8E-10,2.3E-10
Ce-146,13.52 m,0.005,6.8E-10,5E-04,3.2E-10,1.6E-10,9.0E-11,6.0E-11,4.7E-11
Pr-134,17 m,0.005,1.1E-09,5E-04,5.4E-10,2.7E-10,1.5E-10,1.0E-10,8.1E-11
Pr-134m,11 m,0.005,6.1E-10,5E-04,2.9E-10,1.5E-10,8.7E-11,5.9E-11,4.6E-11
Pr-135,24 m,0.005,6.2E-10,5E-04,2.9E-10,1.5E-10,8.7E-11,5.9E-11,4.6E-11
Pr-138,1.45 m,0.005,8.8E-11,5E-04,3.9E-11,1.9E-11,1.1E-11,7.5E-12,5.8E-12
Pr-140,3.39 m,0.005,9.5E-11,5E-04,4.3E-11,2.1E-11,1.2E-11,8.2E-12,6.4E-12
Pr-144m,7.2 m,0.005,3.1E-10,5E-04,1.4E-10,6.6E-11,3.8E-11,2.5E-11,2.0E-11
Pr-146,24.15 m,0.005,1.2E-09,5E-04,5.3E-10,2.6E-10,1.5E-10,1.0E-10,7.8E-11
Nd-135,12.4 m,0.005,8.3E-10,5E-04,3.9E-10,1.9E-10,1.1E-10,7.6E-11,6.0E-11
Nd-137,38.5 m,0.005,7.4E-10,5E-04,3.7E-10,1.9E-10,1.1E-10,7.4E-11,5.9E-11
Nd-140,3.37 d,0.005,2.6E-08,5E-04,1.4E-08,7.2E-09,4.3E-09,2.5E-09,2.0E-09
Nd-141m,1.03333 m,0.005,5.6E-12,5E-04,2.8E-12,1.5E-12,9.1E-13,6.4E-13,5.1E-13
Nd-144,2.29E+15 y,0.005,1.2E-06,5E-04,1.1E-07,7.3E-08,5.1E-08,4.3E-08,4.1E-08
Nd-152,11.4 m,0.005,7.4E-10,5E-04,3.3E-10,1.6E-10,9.1E-11,6.2E-11,4.9E-11
Pm-138,3.24 m,0.005,3.1E-10,5E-04,1.5E-10,7.5E-11,4.4E-11,2.9E-11,2.3E-11
Pm-139,4.15 m,0.005,2.6E-10,5E-04,1.2E-10,5.7E-11,3.3E-11,2.2E-11,1.8E-11
Pm-140m,5.95 m,0.005,3.4E-10,5E-04,1.6E-10,8.1E-11,4.8E-11,3.3E-11,2.6E-11
Pm-152,4.12 m,0.005,2.6E-10,5E-04,1.2E-10,5.6E-11,3.2E-11,2.2E-11,1.7E-11
Sm-140,14.82 m,0.005,1.4E-09,5E-04,6.6E-10,3.2E-10,1.9E-10,1.3E-10,9.8E-11
Sm-143,8.83 m,0.005,2.0E-10,5E-04,9.1E-11,4.5E-11,2.6E-11,1.8E-11,1.4E-11
Sm-143m,1.1 m,0.005,3.0E-11,5E-04,1.4E-11,6.9E-12,4.0E-12,2.8E-12,2.2E-12
Sm-148,7E+15 y,0.005,1.2E-06,5E-04,1.1E-07,7.6E-08,5.3E-08,4.5E-08,4.3E-08
Eu-143,2.59 m,0.005,2.4E-10,5E-04,1.1E-10,5.2E-11,3.0E-11,2.0E-11,1.6E-11
Eu-152n,96 m,0.005,1.8E-10,5E-04,9.2E-11,4.6E-11,2.8E-11,1.7E-11,1.4E-11
Eu-154m,46.0 m,0.005,1.3E-10,5E-04,6.1E-11,3.0E-11,1.8E-11,1.2E-11,9.1E-12
Eu-159,18.1 m,0.005,7.4E-10,5E-04,3.4E-10,1.7E-10,9.6E-11,6.3E-11,4.9E-11
Gd-145m,1.41666 m,0.005,3.9E-11,5E-04,1.9E-11,9.6E-12,5.8E-12,4.0E-12,3.2E-12
Gd-150,1.79E+6 y,0.005,1.5E-06,5E-04,1.4E-07,9.3E-08,6.5E-08,5.5E-08,5.2E-08
Tb-147m,1.87 m,0.005,4.2E-11,5E-04,2.0E-11,1.1E-11,6.4E-12,4.4E-12,3.5E-12
Tb-148,60 m,0.005,1.7E-09,5E-04,8.2E-10,4.2E-10,2.5E-10,1.6E-10,1.3E-10
Tb-148m,2.20 m,0.005,5.1E-11,5E-04,2.5E-11,1.3E-11,8.0E-12,5.7E-12,4.5E-12
Tb-149m,4.16 m,0.005,5.8E-11,5E-04,2.8E-11,1.5E-11,8.8E-12,6.2E-12,4.9E-12
Tb-150m,5.8 m,0.005,6.8E-11,5E-04,3.5E-11,1.9E-11,1.2E-11,8.9E-12,7.1E-12
Tb-152,17.5 h,0.005,7.6E-09,5E-04,4.4E-09,2.3E-09,1.4E-09,8.8E-10,7.1E-10
Tb-152m,4.2 m,0.005,6.2E-11,5E-04,3.2E-11,1.7E-11,1.0E-11,6.7E-12,5.3E-12
Tb-162,7.60 m,0.005,2.0E-10,5E-04,9.2E-11,4.5E-11,2.6E-11,1.8E-11,1.4E-11
Tb-163,19.5 m,0.005,3.0E-10,5E-04,1.4E-10,6.9E-11,4.0E-11,2.8E-11,2.2E-11
Tb-164,3.0 m,0.005,1.3E-10,5E-04,5.8E-11,2.9E-11,1.7E-11,1.2E-11,9.3E-12
Tb-165,2.11 m,0.005,1.3E-10,5E-04,5.9E-11,2.9E-11,1.6E-11,1.1E-11,8.7E-12
Dy-149,4.20 m,0.005,7.4E-11,5E-04,3.9E-11,2.1E-11,1.3E-11,8.7E-12,6.9E-12
Dy-150,7.17 m,0.005,1.6E-10,5E-04,7.9E-11,4.0E-11,2.4E-11,1.6E-11,1.2E-11
Dy-151,17.9 m,0.005,2.1E-10,5E-04,1.1E-10,5.9E-11,3.7E-11,2.5E-11,2.0E-11
Dy-152,2.38 h,0.005,1.1E-09,5E-04,6.6E-10,3.5E-10,2.2E-10,1.4E-10,1.1E-10
Dy-153,6.4 h,0.005,1.9E-09,5E-04,1.1E-09,5.8E-10,3.7E-10,2.3E-10,1.9E-10
Dy-154,3.0E+6 y,0.005,1.6E-06,5E-04,1.6E-07,1.0E-07,7.0E-08,5.8E-08,5.6E-08
Dy-165m,1.257 m,0.005,2.0E-11,5E-04,9.6E-12,4.7E-12,2.7E-12,1.7E-12,1.3E-12
Dy-167,6.20 m,0.005,2.5E-10,5E-04,1.1E-10,5.6E-11,3.3E-11,2.2E-11,1.7E-11
Dy-168,8.7 m,0.005,4.9E-10,5E-04,2.2E-10,1.1E-10,6.2E-11,4.3E-11,3.3E-11
Ho-152,2.69666 m,0.005,1.4E-10,5E-04,6.2E-11,3.1E-11,1.8E-11,1.2E-11,9.6E-12
Ho-153,2.02 m,0.005,7.2E-11,5E-04,3.4E-11,1.7E-11,9.9E-12,6.7E-12,5.3E-12
Ho-153m,9.3 m,0.005,3.4E-10,5E-04,1.6E-10,8.0E-11,4.7E-11,3.2E-11,2.5E-11
Ho-154,11.76 m,0.005,5.9E-10,5E-04,2.7E-10,1.3E-10,7.7E-11,5.3E-11,4.1E-11
Ho-154m,3.10 m,0.005,1.2E-10,5E-04,5.5E-11,2.8E-11,1.6E-11,1.1E-11,9.0E-12
Ho-156,56 m,0.005,1.4E-09,5E-04,6.9E-10,3.5E-10,2.1E-10,1.4E-10,1.1E-10
Ho-158,11.3 m,0.005,8.4E-11,5E-04,4.4E-11,2.4E-11,1.5E-11,1.1E-11,8.9E-12
Ho-160,25.6 m,0.005,1.5E-10,5E-04,8.4E-11,4.7E-11,3.0E-11,2.1E-11,1.7E-11
Ho-163,4570 y,0.005,1.3E-10,5E-04,4.6E-11,2.3E-11,1.4E-11,8.2E-12,6.8E-12
Ho-168,2.99 m,0.005,1.2E-10,5E-04,5.5E-11,2.7E-11,1.6E-11,1.1E-11,8.4E-12
Ho-168m,2.2 m,0.005,9.2E-11,5E-04,4.1E-11,2.0E-11,1.2E-11,8.0E-12,6.2E-12
Ho-170,2.76 m,0.005,1.2E-10,5E-04,5.5E-11,2.7E-11,1.6E-11,1.1E-11,8.7E-12
Er-155,5.3 m,0.005,1.8E-10,5E-04,8.6E-11,4.3E-11,2.6E-11,1.7E-11,1.4E-11
Er-156,19.5 m,0.005,4.9E-10,5E-04,2.4E-10,1.2E-10,7.4E-11,4.7E-11,3.8E-11
Er-159,36 m,0.005,2.4E-10,5E-04,1.3E-10,7.0E-11,4.4E-11,3.0E-11,2.4E-11
Er-163,75.0 m,0.005,2.9E-11,5E-04,1.6E-11,8.4E-12,5.2E-12,3.4E-12,2.7E-12
Tm-159,9.13 m,0.005,2.7E-10,5E-04,1.3E-10,6.5E-11,3.9E-11,2.6E-11,2.1E-11
Tm-163,1.810 h,0.005,5.0E-10,5E-04,2.9E-10,1.6E-10,1.0E-10,6.9E-11,5.6E-11
Tm-164,2.0 m,0.005,5.9E-11,5E-04,2.7E-11,1.3E-11,7.5E-12,5.2E-12,4.1E-12
Tm-165,30.06 h,0.005,3.5E-09,5E-04,2.1E-09,1.1E-09,7.2E-10,4.5E-10,3.6E-10
Tm-168,93.1 d,0.005,9.9E-09,5E-04,5.7E-09,3.2E-09,2.1E-09,1.3E-09,1.0E-09
Yb-163,11.05 m,0.005,1.8E-10,5E-04,9.1E-11,4.7E-11,2.9E-11,2.0E-11,1.6E-11
Yb-164,75.8 m,0.005,1.2E-09,5E-04,6.1E-10,3.0E-10,1.8E-10,1.2E-10,9.1E-11
Yb-165,9.9 m,0.005,9.5E-11,5E-04,4.6E-11,2.4E-11,1.4E-11,9.5E-12,7.5E-12
Lu-164,3.14 m,0.005,3.1E-10,5E-04,1.4E-10,7.0E-11,4.0E-11,2.7E-11,2.1E-11
Lu-165,10.74 m,0.005,3.0E-10,5E-04,1.4E-10,7.1E-11,4.2E-11,2.9E-11,2.3E-11
Lu-166,2.65 m,0.005,8.4E-11,5E-04,4.0E-11,2.1E-11,1.2E-11,8.6E-12,6.8E-12
Lu-166m,1.41 m,0.005,5.9E-11,5E-04,2.7E-11,1.4E-11,8.2E-12,5.7E-12,4.5E-12
Lu-167,51.5 m,0.005,5.4E-10,5E-04,2.8E-10,1.5E-10,9.4E-11,6.3E-11,5.0E-11
Lu-168m,6.7 m,0.005,1.0E-10,5E-04,4.9E-11,2.6E-11,1.6E-11,1.1E-11,9.1E-12
Lu-169m,2.66666 m,0.005,1.0E-11,5E-04,5.5E-12,2.9E-12,1.9E-12,1.2E-12,9.6E-13
Lu-171m,1.31666 m,0.005,5.5E-12,5E-04,2.5E-12,1.2E-12,7.2E-13,4.8E-13,3.8E-13
Lu-172m,3.7 m,0.005,1.2E-11,5E-04,6.0E-12,3.1E-12,1.9E-12,1.2E-12,9.8E-13
Hf-167,2.05 m,0.02,7.3E-11,0.002,3.4E-11,1.7E-11,1.0E-11,7.0E-12,5.5E-12
Hf-169,3.24 m,0.02,3.3E-11,0.002,1.7E-11,8.7E-12,5.3E-12,3.7E-12,2.9E-12
Hf-174,2.0E+15 y,0.02,6.1E-06,0.002,5.5E-07,4.0E-07,3.0E-07,2.7E-07,2.5E-07
Ta-170,6.76 m,0.01,5.2E-10,0.001,2.4E-10,1.2E-10,6.8E-11,4.6E-11,3.6E-11
Ta-178,9.31 m,0.01,1.9E-11,0.001,8.9E-12,4.5E-12,2.7E-12,1.9E-12,1.5E-12
W-179m,6.40 m,0.6,5.7E-11,0.3,2.6E-11,1.3E-11,7.2E-12,4.9E-12,3.9E-12
W-185m,1.597 m,0.6,1.4E-11,0.3,6.4E-12,3.1E-12,1.7E-12,1.2E-12,9.3E-13
W-190,30.0 m,0.6,1.2E-09,0.3,5.6E-10,2.8E-10,1.6E-10,1.1E-10,8.5E-11
Re-179,19.5 m,1,2.1E-10,0.8,9.7E-11,5.0E-11,3.0E-11,2.1E-11,1.6E-11
Re-180,2.44 m,1,2.9E-11,0.8,1.4E-11,7.1E-12,4.3E-12,3.0E-12,2.4E-12
Re-183,70.0 d,1,1.4E-08,0.8,6.6E-09,3.3E-09,1.9E-09,1.2E-09,9.5E-10
Re-190,3.1 m,1,1.1E-10,0.8,5.1E-11,2.5E-11,1.5E-11,1.0E-11,8.0E-12
Os-177,2.8 m,0.02,1.4E-10,0.01,6.6E-11,3.3E-11,1.9E-11,1.3E-11,1.0E-11
Os-179,6.5 m,0.02,9.6E-10,0.01,4.3E-10,2.1E-10,1.2E-10,8.2E-11,6.4E-11
Os-183,13.0 h,0.02,2.3E-09,0.01,1.3E-09,7.2E-10,4.6E-10,2.9E-10,2.3E-10
Os-183m,9.9 h,0.02,1.8E-09,0.01,1.1E-09,6.2E-10,4.1E-10,2.6E-10,2.1E-10
Os-186,2.0E+15 y,0.02,5.0E-07,0.01,1.9E-07,9.9E-08,6.1E-08,3.9E-08,3.2E-08
Os-190m,9.9 m,0.02,8.5E-11,0.01,4.3E-11,2.3E-11,1.5E-11,1.0E-11,8.4E-12
Os-196,34.9 m,0.02,1.7E-09,0.01,8.0E-10,3.9E-10,2.2E-10,1.5E-10,1.2E-10
Ir-179,1.31666 m,0.02,2.5E-10,0.01,1.1E-10,5.4E-11,3.1E-11,2.1E-11,1.7E-11
Ir-180,1.5 m,0.02,3.0E-11,0.01,1.4E-11,7.5E-12,4.5E-12,3.2E-12,2.5E-12
Ir-181,4.90 m,0.02,1.5E-10,0.01,7.1E-11,3.7E-11,2.2E-11,1.5E-11,1.2E-11
Ir-183,58 m,0.02,5.5E-10,0.01,3.0E-10,1.6E-10,1.0E-10,6.8E-11,5.5E-11
Ir-196m,1.40 h,0.02,1.4E-09,0.01,7.4E-10,3.9E-10,2.4E-10,1.6E-10,1.3E-10
Pt-183,6.5 m,0.02,2.4E-10,0.01,1.1E-10,5.8E-11,3.5E-11,2.3E-11,1.8E-11
Pt-184,17.3 m,0.02,3.4E-10,0.01,1.8E-10,9.4E-11,5.8E-11,3.8E-11,3.0E-11
Pt-187,2.35 h,0.02,9.8E-10,0.01,5.4E-10,2.8E-10,1.8E-10,1.1E-10,8.8E-11
Pt-190,6.5E+11 y,0.02,1.1E-07,0.01,4.3E-08,2.2E-08,1.4E-08,8.4E-09,6.8E-09
Pt-202,44 h,0.02,6.1E-08,0.01,3.3E-08,1.6E-08,9.8E-09,5.5E-09,4.5E-09
Au-186,10.7 m,0.2,6.1E-10,0.1,2.9E-10,1.5E-10,8.6E-11,5.8E-11,4.6E-11
Au-187,8.4 m,0.2,1.2E-10,0.1,6.4E-11,3.4E-11,2.1E-11,1.4E-11,1.1E-11
Au-188,8.84 m,0.2,2.8E-10,0.1,1.3E-10,6.5E-11,3.8E-11,2.6E-11,2.1E-11
Au-189m,4.59 m,0.2,4.5E-11,0.1,2.2E-11,1.1E-11,6.8E-12,4.5E-12,3.6E-12
Au-190,42.8 m,0.2,5.1E-10,0.1,2.7E-10,1.4E-10,8.8E-11,5.9E-11,4.7E-11
Au-191,3.18 h,0.2,7.8E-10,0.1,4.5E-10,2.4E-10,1.5E-10,9.6E-11,7.7E-11
Au-192,4.94 h,0.2,1.5E-09,0.1,9.2E-10,5.1E-10,3.4E-10,2.2E-10,1.8E-10
Au-196,6.183 d,0.2,5.4E-09,0.1,3.4E-09,1.8E-09,1.1E-09,6.7E-10,5.3E-10
Au-196m,9.6 h,0.2,5.0E-09,0.1,2.9E-09,1.4E-09,8.7E-10,5.1E-10,4.1E-10
Hg-187_inorg,2.2 m,0.04,1.0E-10,0.02,4.6E-11,2.3E-11,1.3E-11,9.1E-12,7.2E-12
Hg-187_org,2.2 m,1,1.0E-10,1,4.6E-11,2.3E-11,1.3E-11,9.1E-12,7.1E-12
Hg-187_org,2.2 m,0.8,1.e-10,0.4,4.6E-11,2.3E-11,1.3E-11,9.1E-12,7.2E-12
Hg-187m_inorg,2.4 m,0.04,1e-10,0.02,4.6E-11,2.3E-11,1.3E-11,9.3E-12,7.3E-12
Hg-187m_org,2.4 m,1,1.0E-10,0.4,4.6E-11,2.3E-11,1.3E-11,9.2E-12,7.3E-12
Hg-187m_org,2.4 m,0.8,1.0E-10,0.4,4.6E-11,2.3E-11,1.3E-11,9.3E-12,7.3E-12
Hg-188_inorg,3.25 m,0.04,1.1E-10,0.02,5.1E-11,2.6E-11,1.5E-11,1.0E-11,8.2E-12
Hg-188_org,3.25 m,1,1.1E-10,1,5.2E-11,2.6E-11,1.5E-11,1.1E-11,8.4E-12
Hg-188_org,3.25 m,0.8,1.1E-10,0.4,5.2E-11,2.6E-11,1.5E-11,1.1E-11,8.4E-12
Hg-190_inorg,20.0 m,0.04,2.7E-10,0.02,1.4E-10,7.5E-11,4.7E-11,3.1E-11,2.5E-11
Hg-190_org,20.0 m,1,2.1E-10,1,1.0E-10,5.4E-11,3.3E-11,2.3E-11,1.8E-11
Hg-190_org,20.0 m, 0.8,2.4E-10,0.4,1.4E-10,7.2E-11,4.5E-11,3.0E-11,2.4E-11
Hg-191m_inorg,50.8 m,0.04,5.6E-10,0.02,3.1E-10,1.7E-10,1.1E-10,6.9E-11,5.5E-11
Hg-191m_org,50.8 m,1,3.5E-10,1,1.8E-10,9.7E-11,6.0E-11,4.2E-11,3.4E-11
Hg-191m_org,50.8 m,0.8,4.2E-10,0.4,2.8E-10,1.5E-10,9.4E-11,6.2E-11,5.0E-11
Hg-192_inorg,4.85 h,0.04,2.1E-09,0.02,1.3E-09,7.0E-10,4.6E-10,2.9E-10,2.3E-10
Hg-192_org,4.85 h,1,6.4E-10,1,3.6E-10,2.0E-10,1.3E-10,8.6E-11,7.2E-11
Hg_192_org,4.85 h,0.8,9.7E-10,0.4,9.6E-10,5.3E-10,3.4E-10,2.2E-10,1.8E-10
Hg-205_inorg,5.2 m,0.04,1.3E-10,0.02,5.8E-11,2.8E-11,1.6E-11,1.1E-11,8.3E-12
Hg-205_org,5.2 m,1,1.3E-10,1,5.8E-11,2.8E-11,1.6E-11,1.1E-11,8.4E-12
Hg-205_org,5.2 m,0.8,1.3E-10,0.4,5.8E-11,2.8E-11,1.6E-11,1.1E-11,8.3E-12
Hg-206_inorg,8.15 m,0.04,3.3E-10,0.02,1.5E-10,7.0E-11,4.0E-11,2.7E-11,2.1E-11
Hg-206_org,8.15 m,1,3.3E-10,1,1.5E-10,7.1E-11,4.0E-11,2.7E-11,2.1E-11
Hg-206_org,8.15 m,0.8,3.3E-10,0.4,1.5E-10,7.0E-11,4.0E-11,2.7E-11,2.1E-11
TI-190,2.6 m,1,2.1E-10,1,9.7E-11,4.8E-11,2.8E-11,1.9E-11,1.5E-11
TI-190m,3.7 m,1,1.8E-10,1,8.2E-11,4.2E-11,2.5E-11,1.7E-11,1.4E-11
TI-196,1.84 h,1,5.7E-10,1,2.9E-10,1.5E-10,9.5E-11,6.6E-11,5.4E-11
TI-206,4.199 m,1,1.1E-10,1,4.7E-11,2.3E-11,1.3E-11,8.8E-12,6.9E-12
TI-206m,3.74 m,1,1.4E-10,1,6.7E-11,3.4E-11,2.0E-11,1.4E-11,1.1E-11
TI-207,4.77 m,1,1.1E-10,1,4.9E-11,2.4E-11,1.3E-11,9.1E-12,7.1E-12
TI-208,3.053 m,1,1.1E-10,1,5.2E-11,2.6E-11,1.5E-11,1.1E-11,8.6E-12
TI-209,2.161 m,1,8.8E-11,1,4.0E-11,2.0E-11,1.2E-11,8.2E-12,6.4E-12
TI-210,1.30 m,1,9.2E-11,1,4.1E-11,2.0E-11,1.2E-11,8.2E-12,6.5E-12
Pb-194,12.0 m,0.6,2.6E-10,0.2,1.2E-10,6.2E-11,3.7E-11,2.5E-11,2.0E-11
Pb-196,37 m,0.6,2.9E-10,0.2,1.5E-10,8.1E-11,5.0E-11,3.4E-11,2.8E-11
Pb-197,8 m,0.6,6.5E-11,0.2,3.4E-11,1.8E-11,1.2E-11,8.2E-12,6.6E-12
Pb-197m,43 m,0.6,4.9E-10,0.2,2.6E-10,1.4E-10,8.3E-11,5.6E-11,4.5E-11
Pb-204m,67.2 m,0.6,4.1E-10,0.2,2.4E-10,1.3E-10,8.7E-11,6.0E-11,5.0E-11
Bi-197,9.33 m,0.1,2.8E-10,0.05,1.4E-10,7.1E-11,4.3E-11,3.0E-11,2.4E-11
Bi-204,11.22 h,0.1,4.8E-09,0.05,3.1E-09,1.8E-09,1.2E-09,7.7E-10,6.1E-10
Bi-208,3.68E+5 y,0.1,8.2E-09,0.2,2.4e-10,1.3e-10,8.7e-11,6.0e-11,5.0e-11
Bi-211,2.14 m,0.1,1.9e-10,0.05,8.3E-11,4.OE-11,2.3E-11,1.5E-11,1.2E-11
Bi-215,7.6 m,0.1,1.3E-09,0.05,5.6E-10,2.7E-10,1.5E-10,1.0E-10,8.0E-11
Po-204,3.53 h,1,1.8E-09,0.5,1.4E-09,7.5E-10,4.8E-10,3.1E-10,2.5E-10
Po-206,8.8 d,1,4.1E-07,0.5,1.1E-07,5.8E-08,3.5E-08,2.1E-08,1.7E-08
Po-208,2.898 y,1,3.7E-05,0.5,1.1E-05,5.4E-06,3.2E-06,2.0E-06,1.5E-06
Po-209,102 y,1,3.6E-05,0.5,1.1E-05,5.4E-06,3.2E-06,2.0E-06,1.5E-06
Po-218,3.10 m,1,1.3E-09,0.5,2.5E-10,1.2E-10,7.2E-11,4.6E-11,3.7E-11
At-205,26.2 m,1,9.2E-10,1,4.6E-10,2.4E-10,1.4E-10,9.6E-11,7.7E-11
At-208,1.63 h,1,9.8E-10,1,5.3E-10,2.8E-10,1.7E-10,1.2E-10,9.4E-11
At-209,5.41 h,1,7.5E-09,1,5.1E-09,3.2E-09,2.4E-09,2.1E-09,1.9E-09
At-210,8.1 h,1,9.2E-08,1,6.2E-08,3.2E-08,1.9E-08,1.2E-08,9.8E-09
Fr-212,20.0 m,1,6.1E-09,1,3.8E-09,2.0E-09,1.2E-09,8.1E-10,7.1E-10
Fr-221,4.9 m,1,2.4E-09,1,1.2E-09,5.8E-10,3.4E-10,2.1E-10,1.7E-10
Ra-230,93 m,0.6,2.5E-09,0.2,1.3E-09,6.5E-10,3.7E-10,2.3E-10,1.9E-10
Ac-223,2.10 m,0.005,6.4E-10,5E-04,2.8E-10,1.4E-10,7.7E-11,5.3E-11,4.1E-11
Ac-229,62.7 m,0.005,6.1E-10,5E-04,2.9E-10,1.5E-10,8.5E-11,5.5E-11,4.4E-11
Ac-230,2.03333 m,0.005,8.6E-11,5E-04,3.8E-11,1.9E-11,1.1E-11,7.3E-12,5.7E-12
Th-233,22.3 m,0.005,3.4E-10,5E-04,1.5E-10,7.4E-11,4.2E-11,2.8E-11,2.2E-11
Pa-229,1.50 d,0.005,2.0E-09,5E-04,1.1E-09,6.2E-10,4.0E-10,2.7E-10,2.2E-10
Pa-234m,1.17 m,0.005,4.9E-11,5E-04,2.1E-11,1.0E-11,5.8E-12,4.0E-12,3.1E-12
Pa-236,9.1 m,0.005,3.4E-10,5E-04,1.5E-10,7.5E-11,4.3E-11,2.9E-11,2.3E-11
U-228,9.1 m,0.04,2.9E-09,0.02,1.3E-09,6.3E-10,3.5E-10,2.4E-10,1.9E-10
Np-231,48.8 m,0.005,4.0E-10,5E-04,1.9E-10,9.6E-11,5.6E-11,3.7E-11,2.9E-11
Np-240m,7.22 m,0.005,2.2E-10,5E-04,9.9E-11,4.8E-11,2.8E-11,1.9E-11,1.5E-11
Np-241,13.9 m,0.005,2.5E-10,5E-04,1.1E-10,5.5E-11,3.2E-11,2.2E-11,1.8E-11
Pu-232,34.1 m,0.005,2.4E-09,5E-04,1.2E-09,6.8E-10,4.5E-10,3.4E-10,2.9E-10
Am-247,23.0 m,0.005,4.7E-10,5E-04,2.1E-10,1.0E-10,5.9E-11,3.9E-11,3.1E-11
Cm-239,2.9 h,0.005,1.0E-09,5E-04,5.3E-10,2.7E-10,1.7E-10,1.0E-10,8.2E-11
Bk-244,4.35 h,0.005,4.0E-09,5E-04,2.6E-09,1.6E-09,1.1E-09,7.9E-10,6.9E-10
Bk-248m,23.7 h,0.005,2.3E-08,5E-04,1.5E-08,8.6E-09,5.5E-09,3.8E-09,3.3E-09
Bk-251,55.6 m,0.005,5.8E-10,5E-04,2.8E-10,1.4E-10,8.1E-11,5.5E-11,4.4E-11
Cf-247,3.11 h,0.005,2.8E-10,5E-04,1.5E-10,8.3E-11,5.3E-11,3.5E-11,2.9E-11
Cf-255,85 m,0.005,9.2E-10,5E-04,2.9E-10,1.5E-10,8.5E-11,5.1E-11,4.0E-11
Cf-256,12.3 m,0.005,2.7E-08,5E-04,1.3E-08,7.2E-09,4.8E-09,3.8E-09,3.3E-09
Es-249,102.2 m,0.005,2.4E-10,5E-04,1.3E-10,6.8E-11,4.2E-11,2.8E-11,2.2E-11
Es-255,39.8 d,0.005,3.0E-07,5E-04,4.5E-08,2.4E-08,1.5E-08,7.5E-09,6.0E-09
Es-256,25.4 m,0.005,2.8E-08,5E-04,1.5E-08,8.7E-09,6.1E-09,4.8E-09,4.1E-09
Fm-251,5.30 h,0.005,9.0E-10,5E-04,4.8E-10,2.5E-10,1.5E-10,9.1E-11,7.2E-11
Fm-256,157.6 m,0.005,1.8E-07,5E-04,9.8E-08,5.6E-08,3.9E-08,2.9E-08,2.6E-08

